-- Create database if not exists
CREATE DATABASE IF NOT EXISTS hms;
USE hms;

-- Disable foreign key checks to allow dropping tables with data
SET FOREIGN_KEY_CHECKS=0;

-- Drop existing tables
DROP TABLE IF EXISTS Users;
DROP TABLE IF EXISTS Patients;
DROP TABLE IF EXISTS Doctors;
DROP TABLE IF EXISTS Nurses;
DROP TABLE IF EXISTS Cashiers;
DROP TABLE IF EXISTS Admins;
DROP TABLE IF EXISTS VisitRecords;
DROP TABLE IF EXISTS Appointments;
DROP TABLE IF EXISTS Payments;
DROP TABLE IF EXISTS PaymentItems;
DROP TABLE IF EXISTS Departments;
DROP TABLE IF EXISTS Prescriptions;
DROP TABLE IF EXISTS Medicines;
DROP TABLE IF EXISTS Tests;
DROP TABLE IF EXISTS Surgeries;
DROP TABLE IF EXISTS Equipment;

-- Re-enable foreign key checks
SET FOREIGN_KEY_CHECKS=1;

-- Users table
CREATE TABLE Users (
    id INT UNSIGNED PRIMARY KEY AUTO_INCREMENT,
    first_name VARCHAR(50) NOT NULL,
    last_name VARCHAR(50) NOT NULL,
    email VARCHAR(100) NOT NULL CHECK (email REGEXP '^[a-zA-Z0-9._%+-]+@[a-zA-Z0-9.-]+\.[a-zA-Z]{2,}$'),
    phone BIGINT NOT NULL CHECK (phone BETWEEN 1000000000 AND 9999999999),
    password VARCHAR(100) NOT NULL,
    gender ENUM('Male', 'Female') NOT NULL,
    birth_date DATE NOT NULL,
    role ENUM('Patient', 'Doctor', 'Nurse', 'Cashier', 'Admin') NOT NULL,
    status ENUM('Active', 'Inactive') NOT NULL DEFAULT 'Active'
);

-- Set id starting value
ALTER TABLE Users AUTO_INCREMENT = 198906041;

-- Trigger for Users.id (9-digit constraint)
DELIMITER //
CREATE TRIGGER before_insert_users_id
BEFORE INSERT ON Users
FOR EACH ROW
BEGIN
    IF NEW.id < 100000000 OR NEW.id > 999999999 THEN
        SIGNAL SQLSTATE '45000'
        SET MESSAGE_TEXT = 'User ID must be a 9-digit number';
    END IF;
END //
DELIMITER ;

-- Patients table
CREATE TABLE Patients (
    user_id INT UNSIGNED PRIMARY KEY,
    FOREIGN KEY (user_id) REFERENCES Users(id) ON DELETE CASCADE
);

-- Doctors table
CREATE TABLE Doctors (
    user_id INT UNSIGNED PRIMARY KEY,
    specialty VARCHAR(50),
    level ENUM('Intern', 'Assistant', 'Junior', 'General', 'Senior', 'Lead', 'Chief'),
    hire_date DATE NOT NULL,
    termination_date DATE,
    FOREIGN KEY (user_id) REFERENCES Users(id) ON DELETE CASCADE
);

-- Nurses table
CREATE TABLE Nurses (
    user_id INT UNSIGNED PRIMARY KEY,
    level ENUM('Intern', 'Assistant', 'Junior', 'General', 'Senior', 'Lead', 'Chief'),
    hire_date DATE NOT NULL,
    termination_date DATE,
    FOREIGN KEY (user_id) REFERENCES Users(id) ON DELETE CASCADE
);

-- Cashiers table
CREATE TABLE Cashiers (
    user_id INT UNSIGNED PRIMARY KEY,
    hire_date DATE NOT NULL,
    termination_date DATE,
    FOREIGN KEY (user_id) REFERENCES Users(id) ON DELETE CASCADE
);

-- Admins table
CREATE TABLE Admins (
    user_id INT UNSIGNED PRIMARY KEY,
    FOREIGN KEY (user_id) REFERENCES Users(id) ON DELETE CASCADE
);

-- VisitRecords table
CREATE TABLE VisitRecords (
    id BIGINT PRIMARY KEY AUTO_INCREMENT,
    patient_id INT UNSIGNED NOT NULL,
    visit_date DATETIME NOT NULL,
    symptoms TEXT NOT NULL,
    examinations TEXT,
    diagnosis TEXT NOT NULL,
    disease_type VARCHAR(50) NOT NULL,
    doctor_id INT UNSIGNED NOT NULL,
    FOREIGN KEY (patient_id) REFERENCES Users(id) ON DELETE CASCADE,
    FOREIGN KEY (doctor_id) REFERENCES Users(id) ON DELETE CASCADE,
    INDEX idx_disease_type (disease_type)
);

-- Set id starting value
ALTER TABLE VisitRecords AUTO_INCREMENT = 6489648964;

-- Appointments table
CREATE TABLE Appointments (
    id BIGINT PRIMARY KEY AUTO_INCREMENT,
    patient_id INT UNSIGNED NOT NULL,
    doctor_id INT UNSIGNED NOT NULL,
    time DATETIME NOT NULL,
    status ENUM('Booked', 'Cancelled', 'CheckedIn', 'NoShow') DEFAULT 'Booked',
    INDEX idx_time (time),
    FOREIGN KEY (patient_id) REFERENCES Users(id) ON DELETE CASCADE,
    FOREIGN KEY (doctor_id) REFERENCES Users(id) ON DELETE CASCADE
);

-- Set id starting value
ALTER TABLE Appointments AUTO_INCREMENT = 2025416345;

-- Payments table
CREATE TABLE Payments (
    id INT PRIMARY KEY AUTO_INCREMENT,
    patient_id INT UNSIGNED NOT NULL,
    visit_id BIGINT NOT NULL,
    amount DECIMAL(10,2) NOT NULL CHECK (amount >= 0),
    status ENUM('Unpaid', 'Paid') DEFAULT 'Unpaid',
    visit_type ENUM('Outpatient', 'Inpatient') NOT NULL,
    created_date DATE NOT NULL,
    payment_completion_date DATE,
    FOREIGN KEY (patient_id) REFERENCES Users(id) ON DELETE CASCADE,
    FOREIGN KEY (visit_id) REFERENCES VisitRecords(id) ON DELETE CASCADE
);

-- PaymentItems table
CREATE TABLE PaymentItems (
    id INT PRIMARY KEY AUTO_INCREMENT,
    payment_id INT NOT NULL,
    type ENUM('Medicine', 'Test', 'Surgery', 'Equipment', 'Appointment') NOT NULL,
    description VARCHAR(200) NOT NULL,
    quantity INT NOT NULL DEFAULT 1 CHECK (quantity > 0),
    amount DECIMAL(10,2) NOT NULL CHECK (amount >= 0),
    FOREIGN KEY (payment_id) REFERENCES Payments(id) ON DELETE CASCADE
);

-- Departments table
CREATE TABLE Departments (
    id INT PRIMARY KEY AUTO_INCREMENT,
    name VARCHAR(50) NOT NULL,
    description TEXT,
    establishment_date DATE NOT NULL,
    closure_date DATE
);

-- Prescriptions table (added name, quantity, price)
CREATE TABLE Prescriptions (
    id BIGINT PRIMARY KEY AUTO_INCREMENT,
    visit_id BIGINT NOT NULL,
    type ENUM('Medicine', 'Tests', 'Surgery', 'Equipment') NOT NULL,
    name VARCHAR(100) NOT NULL,
    quantity INT NOT NULL DEFAULT 1 CHECK (quantity > 0),
    price DECIMAL(10,2) NOT NULL CHECK (price >= 0),
    FOREIGN KEY (visit_id) REFERENCES VisitRecords(id) ON DELETE CASCADE
);

-- Medicines table (removed prescription_id, made name unique)
CREATE TABLE Medicines (
    id BIGINT PRIMARY KEY AUTO_INCREMENT,
    name VARCHAR(100) NOT NULL UNIQUE,
    quantity INT NOT NULL DEFAULT 999 CHECK (quantity > 0),
    price DECIMAL(10,2) NOT NULL CHECK (price >= 0)
);

-- Tests table (removed prescription_id, made name unique)
CREATE TABLE Tests (
    id BIGINT PRIMARY KEY AUTO_INCREMENT,
    name VARCHAR(100) NOT NULL UNIQUE,
    quantity INT NOT NULL DEFAULT 999 CHECK (quantity > 0),
    price DECIMAL(10,2) NOT NULL CHECK (price >= 0)
);

-- Equipment table (removed prescription_id, made name unique)
CREATE TABLE Equipment (
    id BIGINT PRIMARY KEY AUTO_INCREMENT,
    name VARCHAR(100) NOT NULL UNIQUE,
    quantity INT NOT NULL DEFAULT 999 CHECK (quantity > 0),
    price DECIMAL(10,2) NOT NULL CHECK (price >= 0)
);

-- Surgeries table (removed prescription_id, made name unique)
CREATE TABLE Surgeries (
    id BIGINT PRIMARY KEY AUTO_INCREMENT,
    name VARCHAR(100) NOT NULL UNIQUE,
    quantity INT NOT NULL DEFAULT 999 CHECK (quantity > 0),
    price DECIMAL(10,2) NOT NULL CHECK (price >= 0)
);

-- Departments
INSERT INTO Departments (id, name, description, establishment_date, closure_date) VALUES
(1, 'Cardiology', 'Inspired by Grey''s Anatomy - Heart specialists.', '2015-01-01', NULL),
(2, 'Neurology', 'Inspired by House M.D. - Brain and nerve experts.', '2016-02-15', NULL),
(3, 'Oncology', 'Inspired by The Good Doctor - Cancer treatment specialists.', '2017-03-10', NULL),
(4, 'Pediatrics', 'Inspired by ER - Child healthcare specialists.', '2018-04-20', NULL),
(5, 'Orthopedics', 'Inspired by Scrubs - Bone and joint experts.', '2019-05-30', NULL),
(6, 'Psychiatry', 'Inspired by In Treatment - Mental health specialists.', '2020-06-01', NULL),
(7, 'Radiology', 'Inspired by Chicago Med - Imaging and diagnostics.', '2021-07-15', NULL),
(8, 'General Surgery', 'Inspired by MASH - Surgical experts.', '2022-08-25', NULL),
(9, 'Emergency Medicine', 'Inspired by 911 - Urgent care specialists.', '2023-09-10', NULL),
(10, 'Dermatology', 'Inspired by Nip/Tuck - Skin care specialists.', '2024-10-05', NULL);

-- Users for Admins (id: 198906041 - 198906043)
INSERT INTO Users (id, first_name, last_name, email, phone, password, gender, birth_date, role, status) VALUES
(198906041, 'Tyrion', 'Lannister', 'tyrion.lannister@example.com', 1234567890, 'Password123', 'Male', '1975-05-15', 'Admin', 'Active'),
(198906042, 'Daenerys', 'Targaryen', 'daenerys.targaryen@example.com', 2345678901, 'Password123', 'Female', '1980-03-22', 'Admin', 'Active'),
(198906043, 'Jon', 'Snow', 'jon.snow@example.com', 3456789012, 'Password123', 'Male', '1985-07-10', 'Admin', 'Active');

-- Admins
INSERT INTO Admins (user_id) VALUES
(198906041),
(198906042),
(198906043);

-- Users for Doctors (id: 198906044 - 198906073)
INSERT INTO Users (id, first_name, last_name, email, phone, password, gender, birth_date, role, status) VALUES
(198906044, 'Meredith', 'Grey', 'meredith.grey@example.com', 4567890123, 'Password123', 'Female', '1980-01-15', 'Doctor', 'Active'),
(198906045, 'Derek', 'Shepherd', 'derek.shepherd@example.com', 5678901234, 'Password123', 'Male', '1978-06-20', 'Doctor', 'Active'),
(198906046, 'Cristina', 'Yang', 'cristina.yang@example.com', 6789012345, 'Password123', 'Female', '1982-03-10', 'Doctor', 'Active'),
(198906047, 'Alex', 'Karev', 'alex.karev@example.com', 7890123456, 'Password123', 'Male', '1981-11-05', 'Doctor', 'Active'),
(198906048, 'Miranda', 'Bailey', 'miranda.bailey@example.com', 8901234567, 'Password123', 'Female', '1975-09-25', 'Doctor', 'Active'),
(198906049, 'Richard', 'Webber', 'richard.webber@example.com', 9012345678, 'Password123', 'Male', '1970-04-12', 'Doctor', 'Active'),
(198906050, 'Callie', 'Torres', 'callie.torres@example.com', 9123456789, 'Password123', 'Female', '1983-07-30', 'Doctor', 'Active'),
(198906051, 'Mark', 'Sloan', 'mark.sloan@example.com', 1234567891, 'Password123', 'Male', '1979-02-18', 'Doctor', 'Active'),
(198906052, 'Lexie', 'Grey', 'lexie.grey@example.com', 2345678912, 'Password123', 'Female', '1985-05-22', 'Doctor', 'Active'),
(198906053, 'Arizona', 'Robbins', 'arizona.robbins@example.com', 3456789123, 'Password123', 'Female', '1984-08-14', 'Doctor', 'Active'),
(198906054, 'Gregory', 'House', 'gregory.house@example.com', 4567891234, 'Password123', 'Male', '1972-06-11', 'Doctor', 'Active'),
(198906055, 'Lisa', 'Cuddy', 'lisa.cuddy@example.com', 5678912345, 'Password123', 'Female', '1975-12-09', 'Doctor', 'Active'),
(198906056, 'James', 'Wilson', 'james.wilson@example.com', 6789123456, 'Password123', 'Male', '1978-03-27', 'Doctor', 'Active'),
(198906057, 'Allison', 'Cameron', 'allison.cameron@example.com', 7891234567, 'Password123', 'Female', '1980-09-03', 'Doctor', 'Active'),
(198906058, 'Robert', 'Chase', 'robert.chase@example.com', 8912345678, 'Password123', 'Male', '1982-01-19', 'Doctor', 'Active'),
(198906059, 'Eric', 'Foreman', 'eric.foreman@example.com', 9123456780, 'Password123', 'Male', '1979-10-07', 'Doctor', 'Active'),
(198906060, 'Remy', 'Hadley', 'remy.hadley@example.com', 1234567801, 'Password123', 'Female', '1983-04-25', 'Doctor', 'Active'),
(198906061, 'Chris', 'Taub', 'chris.taub@example.com', 2345678012, 'Password123', 'Male', '1981-08-16', 'Doctor', 'Active'),
(198906062, 'Lawrence', 'Kutner', 'lawrence.kutner@example.com', 3456780123, 'Password123', 'Male', '1980-02-28', 'Doctor', 'Active'),
(198906063, 'Amber', 'Volakis', 'amber.volakis@example.com', 4567801234, 'Password123', 'Female', '1982-11-14', 'Doctor', 'Active'),
(198906064, 'April', 'Kepner', 'april.kepner@example.com', 5678012345, 'Password123', 'Female', '1984-06-23', 'Doctor', 'Active'),
(198906065, 'Jackson', 'Avery', 'jackson.avery@example.com', 6780123456, 'Password123', 'Male', '1983-03-05', 'Doctor', 'Active'),
(198906066, 'Amelia', 'Shepherd', 'amelia.shepherd@example.com', 7891234560, 'Password123', 'Female', '1985-07-19', 'Doctor', 'Active'),
(198906067, 'Owen', 'Hunt', 'owen.hunt@example.com', 8912345601, 'Password123', 'Male', '1977-09-30', 'Doctor', 'Active'),
(198906068, 'Maggie', 'Pierce', 'maggie.pierce@example.com', 9123456012, 'Password123', 'Female', '1986-01-12', 'Doctor', 'Active'),
(198906069, 'Jo', 'Wilson', 'jo.wilson@example.com', 1234560123, 'Password123', 'Female', '1984-04-08', 'Doctor', 'Active'),
(198906070, 'Andrew', 'DeLuca', 'andrew.deluca@example.com', 2345601234, 'Password123', 'Male', '1987-06-15', 'Doctor', 'Active'),
(198906071, 'Ben', 'Warren', 'ben.warren@example.com', 3456012345, 'Password123', 'Male', '1980-12-22', 'Doctor', 'Active'),
(198906072, 'Stephanie', 'Edwards', 'stephanie.edwards@example.com', 4560123456, 'Password123', 'Female', '1986-08-03', 'Doctor', 'Active'),
(198906073, 'Levi', 'Schmitt', 'levi.schmitt@example.com', 5671234567, 'Password123', 'Male', '1988-02-17', 'Doctor', 'Active');

-- Doctors (30 doctors assigned to 10 departments)
INSERT INTO Doctors (user_id, specialty, level, hire_date, termination_date) VALUES
(198906044, 'Cardiology', 'Chief', '2015-01-10', NULL),
(198906045, 'Cardiology', 'Senior', '2016-03-15', NULL),
(198906046, 'Cardiology', 'General', '2017-05-20', NULL),
(198906047, 'Neurology', 'Lead', '2015-07-25', NULL),
(198906048, 'Neurology', 'Senior', '2016-09-30', NULL),
(198906049, 'Neurology', 'Junior', '2018-11-05', NULL),
(198906050, 'Oncology', 'Chief', '2015-02-10', NULL),
(198906051, 'Oncology', 'General', '2017-04-15', NULL),
(198906052, 'Oncology', 'Intern', '2019-06-20', NULL),
(198906053, 'Pediatrics', 'Lead', '2016-08-25', NULL),
(198906054, 'Pediatrics', 'Senior', '2017-10-30', NULL),
(198906055, 'Pediatrics', 'Assistant', '2019-12-05', NULL),
(198906056, 'Orthopedics', 'Chief', '2015-03-10', NULL),
(198906057, 'Orthopedics', 'Junior', '2018-05-15', NULL),
(198906058, 'Orthopedics', 'Intern', '2020-07-20', NULL),
(198906059, 'Psychiatry', 'Lead', '2016-09-25', NULL),
(198906060, 'Psychiatry', 'Senior', '2017-11-30', NULL),
(198906061, 'Psychiatry', 'Assistant', '2019-01-05', NULL),
(198906062, 'Radiology', 'Chief', '2015-04-10', NULL),
(198906063, 'Radiology', 'General', '2018-06-15', NULL),
(198906064, 'Radiology', 'Intern', '2020-08-20', NULL),
(198906065, 'General Surgery', 'Lead', '2016-10-25', NULL),
(198906066, 'General Surgery', 'Senior', '2017-12-30', NULL),
(198906067, 'General Surgery', 'Junior', '2019-02-05', NULL),
(198906068, 'Emergency Medicine', 'Chief', '2015-05-10', NULL),
(198906069, 'Emergency Medicine', 'General', '2018-07-15', NULL),
(198906070, 'Emergency Medicine', 'Assistant', '2020-09-20', NULL),
(198906071, 'Dermatology', 'Lead', '2016-11-25', NULL),
(198906072, 'Dermatology', 'Senior', '2018-01-30', NULL),
(198906073, 'Dermatology', 'Intern', '2020-03-05', NULL);

-- Users for Nurses (id: 198906074 - 198906123)
INSERT INTO Users (id, first_name, last_name, email, phone, password, gender, birth_date, role, status) VALUES
(198906074, 'Carol', 'Hathaway', 'carol.hathaway@example.com', 6781234567, 'Password123', 'Female', '1975-02-10', 'Nurse', 'Active'),
(198906075, 'Doug', 'Ross', 'doug.ross@example.com', 7892345678, 'Password123', 'Male', '1973-05-15', 'Nurse', 'Active'),
(198906076, 'John', 'Carter', 'john.carter@example.com', 8903456789, 'Password123', 'Male', '1978-08-20', 'Nurse', 'Active'),
(198906077, 'Susan', 'Lewis', 'susan.lewis@example.com', 9014567890, 'Password123', 'Female', '1976-11-25', 'Nurse', 'Active'),
(198906078, 'Peter', 'Benton', 'peter.benton@example.com', 1235678901, 'Password123', 'Male', '1974-03-30', 'Nurse', 'Active'),
(198906079, 'Elizabeth', 'Corday', 'elizabeth.corday@example.com', 2346789012, 'Password123', 'Female', '1979-06-05', 'Nurse', 'Active'),
(198906080, 'Mark', 'Greene', 'mark.greene@example.com', 3457890123, 'Password123', 'Male', '1972-09-10', 'Nurse', 'Active'),
(198906081, 'Kerry', 'Weaver', 'kerry.weaver@example.com', 4568901234, 'Password123', 'Female', '1977-12-15', 'Nurse', 'Active'),
(198906082, 'Abby', 'Lockhart', 'abby.lockhart@example.com', 5679012345, 'Password123', 'Female', '1980-01-20', 'Nurse', 'Active'),
(198906083, 'Luka', 'Kovac', 'luka.kovac@example.com', 6780123456, 'Password123', 'Male', '1976-04-25', 'Nurse', 'Active'),
(198906084, 'Maggie', 'Doyle', 'maggie.doyle@example.com', 7891234567, 'Password123', 'Female', '1981-07-30', 'Nurse', 'Active'),
(198906085, 'Jing-Mei', 'Chen', 'jingmei.chen@example.com', 8902345678, 'Password123', 'Female', '1978-10-05', 'Nurse', 'Active'),
(198906086, 'Greg', 'Pratt', 'greg.pratt@example.com', 9013456789, 'Password123', 'Male', '1979-02-10', 'Nurse', 'Active'),
(198906087, 'Neela', 'Rasgotra', 'neela.rasgotra@example.com', 1234567892, 'Password123', 'Female', '1982-05-15', 'Nurse', 'Active'),
(198906088, 'Sam', 'Taggart', 'sam.taggart@example.com', 2345678923, 'Password123', 'Female', '1980-08-20', 'Nurse', 'Active'),
(198906089, 'Ray', 'Barnett', 'ray.barnett@example.com', 3456789234, 'Password123', 'Male', '1977-11-25', 'Nurse', 'Active'),
(198906090, 'Archie', 'Morris', 'archie.morris@example.com', 4567892345, 'Password123', 'Male', '1981-03-30', 'Nurse', 'Active'),
(198906091, 'Tony', 'Gates', 'tony.gates@example.com', 5678923456, 'Password123', 'Male', '1979-06-05', 'Nurse', 'Active'),
(198906092, 'Simon', 'Brenner', 'simon.brenner@example.com', 6789234567, 'Password123', 'Male', '1982-09-10', 'Nurse', 'Active'),
(198906093, 'Cate', 'Banfield', 'cate.banfield@example.com', 7892345678, 'Password123', 'Female', '1976-12-15', 'Nurse', 'Active'),
(198906094, 'Maggie', 'Wheeler', 'maggie.wheeler@example.com', 8903456780, 'Password123', 'Female', '1983-01-20', 'Nurse', 'Active'),
(198906095, 'Will', 'Halstead', 'will.halstead@example.com', 9014567891, 'Password123', 'Male', '1978-04-25', 'Nurse', 'Active'),
(198906096, 'Natalie', 'Manning', 'natalie.manning@example.com', 1235678902, 'Password123', 'Female', '1981-07-30', 'Nurse', 'Active'),
(198906097, 'Ethan', 'Choi', 'ethan.choi@example.com', 2346789013, 'Password123', 'Male', '1979-10-05', 'Nurse', 'Active'),
(198906098, 'April', 'Sexton', 'april.sexton@example.com', 3457890124, 'Password123', 'Female', '1982-02-10', 'Nurse', 'Active'),
(198906099, 'Sharon', 'Goodwin', 'sharon.goodwin@example.com', 4568901235, 'Password123', 'Female', '1977-05-15', 'Nurse', 'Active'),
(198906100, 'Daniel', 'Charles', 'daniel.charles@example.com', 5679012346, 'Password123', 'Male', '1975-08-20', 'Nurse', 'Active'),
(198906101, 'Sarah', 'Reese', 'sarah.reese@example.com', 6780123457, 'Password123', 'Female', '1980-11-25', 'Nurse', 'Active'),
(198906102, 'Connor', 'Rhodes', 'connor.rhodes@example.com', 7891234568, 'Password123', 'Male', '1978-03-30', 'Nurse', 'Active'),
(198906103, 'Ava', 'Bekker', 'ava.bekker@example.com', 8902345679, 'Password123', 'Female', '1981-06-05', 'Nurse', 'Active'),
(198906104, 'Robin', 'Charles', 'robin.charles@example.com', 9013456782, 'Password123', 'Female', '1983-09-10', 'Nurse', 'Active'),
(198906105, 'Doris', 'Speed', 'doris.speed@example.com', 1234567893, 'Password123', 'Female', '1979-12-15', 'Nurse', 'Active'),
(198906106, 'Monique', 'Lawson', 'monique.lawson@example.com', 2345678934, 'Password123', 'Female', '1982-01-20', 'Nurse', 'Active'),
(198906107, 'Noah', 'Sexton', 'noah.sexton@example.com', 3456789345, 'Password123', 'Male', '1980-04-25', 'Nurse', 'Active'),
(198906108, 'Crockett', 'Marcel', 'crockett.marcel@example.com', 4567893456, 'Password123', 'Male', '1978-07-30', 'Nurse', 'Active'),
(198906109, 'Elsa', 'Curry', 'elsa.curry@example.com', 5678934567, 'Password123', 'Female', '1981-10-05', 'Nurse', 'Active'),
(198906110, 'Dean', 'Archer', 'dean.archer@example.com', 6789345678, 'Password123', 'Male', '1976-02-10', 'Nurse', 'Active'),
(198906111, 'Pamela', 'Blake', 'pamela.blake@example.com', 7893456789, 'Password123', 'Female', '1979-05-15', 'Nurse', 'Active'),
(198906112, 'Hannah', 'Asher', 'hannah.asher@example.com', 8904567890, 'Password123', 'Female', '1982-08-20', 'Nurse', 'Active'),
(198906113, 'Lillian', 'Foster', 'lillian.foster@example.com', 9015678901, 'Password123', 'Female', '1980-11-25', 'Nurse', 'Active'),
(198906114, 'Matt', 'Cooper', 'matt.cooper@example.com', 1236789012, 'Password123', 'Male', '1978-03-30', 'Nurse', 'Active'),
(198906115, 'Tina', 'Swift', 'tina.swift@example.com', 2347890123, 'Password123', 'Female', '1981-06-05', 'Nurse', 'Active'),
(198906116, 'Brian', 'Tee', 'brian.tee@example.com', 3458901234, 'Password123', 'Male', '1979-09-10', 'Nurse', 'Active'),
(198906117, 'Emily', 'Foster', 'emily.foster@example.com', 4569012345, 'Password123', 'Female', '1982-12-15', 'Nurse', 'Active'),
(198906118, 'Gwen', 'Garrett', 'gwen.garrett@example.com', 5670123456, 'Password123', 'Female', '1980-01-20', 'Nurse', 'Active'),
(198906119, 'Vera', 'Juarez', 'vera.juarez@example.com', 6781234567, 'Password123', 'Female', '1978-04-25', 'Nurse', 'Active'),
(198906120, 'Stan', 'Potter', 'stan.potter@example.com', 7892345678, 'Password123', 'Male', '1976-07-30', 'Nurse', 'Active'),
(198906121, 'Kelly', 'Severide', 'kelly.severide@example.com', 8903456789, 'Password123', 'Male', '1979-10-05', 'Nurse', 'Active'),
(198906122, 'Stella', 'Kidd', 'stella.kidd@example.com', 9014567890, 'Password123', 'Female', '1981-02-10', 'Nurse', 'Active'),
(198906123, 'Joe', 'Cruz', 'joe.cruz@example.com', 1235678901, 'Password123', 'Male', '1977-05-15', 'Nurse', 'Active');

-- Nurses
INSERT INTO Nurses (user_id, level, hire_date, termination_date) VALUES
(198906074, 'Chief', '2015-01-10', NULL),
(198906075, 'Lead', '2016-03-15', NULL),
(198906076, 'Senior', '2017-05-20', NULL),
(198906077, 'General', '2018-07-25', NULL),
(198906078, 'Junior', '2019-09-30', NULL),
(198906079, 'Assistant', '2020-11-05', NULL),
(198906080, 'Intern', '2021-02-10', NULL),
(198906081, 'Chief', '2015-04-15', NULL),
(198906082, 'Lead', '2016-06-20', NULL),
(198906083, 'Senior', '2017-08-25', NULL),
(198906084, 'General', '2018-10-30', NULL),
(198906085, 'Junior', '2019-12-05', NULL),
(198906086, 'Assistant', '2020-03-10', NULL),
(198906087, 'Intern', '2021-05-15', NULL),
(198906088, 'Chief', '2015-07-20', NULL),
(198906089, 'Lead', '2016-09-25', NULL),
(198906090, 'Senior', '2017-11-30', NULL),
(198906091, 'General', '2018-01-05', NULL),
(198906092, 'Junior', '2019-03-10', NULL),
(198906093, 'Assistant', '2020-05-15', NULL),
(198906094, 'Intern', '2021-07-20', NULL),
(198906095, 'Chief', '2015-09-25', NULL),
(198906096, 'Lead', '2016-11-30', NULL),
(198906097, 'Senior', '2018-01-05', NULL),
(198906098, 'General', '2019-03-10', NULL),
(198906099, 'Junior', '2020-05-15', NULL),
(198906100, 'Assistant', '2021-07-20', NULL),
(198906101, 'Intern', '2015-11-25', NULL),
(198906102, 'Chief', '2016-01-30', NULL),
(198906103, 'Lead', '2017-03-05', NULL),
(198906104, 'Senior', '2018-05-10', NULL),
(198906105, 'General', '2019-07-15', NULL),
(198906106, 'Junior', '2020-09-20', NULL),
(198906107, 'Assistant', '2021-11-25', NULL),
(198906108, 'Intern', '2015-02-22', NULL),
(198906109, 'Chief', '2016-04-05', NULL),
(198906110, 'Lead', '2017-06-10', NULL),
(198906111, 'Senior', '2018-08-15', NULL),
(198906112, 'General', '2019-10-20', NULL),
(198906113, 'Junior', '2020-12-25', NULL),
(198906114, 'Assistant', '2021-03-30', NULL),
(198906115, 'Intern', '2015-05-05', NULL),
(198906116, 'Chief', '2016-07-10', NULL),
(198906117, 'Lead', '2017-09-15', NULL),
(198906118, 'Senior', '2018-11-20', NULL),
(198906119, 'General', '2019-01-25', NULL),
(198906120, 'Junior', '2020-03-30', NULL),
(198906121, 'Assistant', '2021-06-05', NULL),
(198906122, 'Intern', '2015-08-10', NULL),
(198906123, 'Chief', '2016-10-15', NULL);

-- Users for Cashiers (id: 198906124 - 198906133)
INSERT INTO Users (id, first_name, last_name, email, phone, password, gender, birth_date, role, status) VALUES
(198906124, 'Michael', 'Scott', 'michael.scott@example.com', 2345678901, 'Password123', 'Male', '1975-03-15', 'Cashier', 'Active'),
(198906125, 'Pam', 'Beesly', 'pam.beesly@example.com', 3456789012, 'Password123', 'Female', '1980-06-20', 'Cashier', 'Active'),
(198906126, 'Jim', 'Halpert', 'jim.halpert@example.com', 4567890123, 'Password123', 'Male', '1978-09-25', 'Cashier', 'Active'),
(198906127, 'Dwight', 'Schrute', 'dwight.schrute@example.com', 5678901234, 'Password123', 'Male', '1976-12-30', 'Cashier', 'Active'),
(198906128, 'Angela', 'Martin', 'angela.martin@example.com', 6789012345, 'Password123', 'Female', '1981-02-05', 'Cashier', 'Active'),
(198906129, 'Kevin', 'Malone', 'kevin.malone@example.com', 7890123456, 'Password123', 'Male', '1979-05-10', 'Cashier', 'Active'),
(198906130, 'Oscar', 'Martinez', 'oscar.martinez@example.com', 8901234567, 'Password123', 'Male', '1977-08-15', 'Cashier', 'Active'),
(198906131, 'Kelly', 'Kapoor', 'kelly.kapoor@example.com', 9012345678, 'Password123', 'Female', '1982-11-20', 'Cashier', 'Active'),
(198906132, 'Ryan', 'Howard', 'ryan.howard@example.com', 1234567890, 'Password123', 'Male', '1980-01-25', 'Cashier', 'Active'),
(198906133, 'Phyllis', 'Vance', 'phyllis.vance@example.com', 2345678901, 'Password123', 'Female', '1978-04-30', 'Cashier', 'Active');

-- Cashiers
INSERT INTO Cashiers (user_id, hire_date, termination_date) VALUES
(198906124, '2015-01-10', NULL),
(198906125, '2016-03-15', NULL),
(198906126, '2017-05-20', NULL),
(198906127, '2018-07-25', NULL),
(198906128, '2019-09-30', NULL),
(198906129, '2020-11-05', NULL),
(198906130, '2021-02-10', NULL),
(198906131, '2015-04-15', NULL),
(198906132, '2016-06-20', NULL),
(198906133, '2017-08-25', NULL);

-- Users for Patients (id: 198906134 - 198906233)
INSERT INTO Users (id, first_name, last_name, email, phone, password, gender, birth_date, role, status) VALUES
(198906134, 'Harry', 'Potter', 'harry.potter@example.com', 3456789012, 'Password123', 'Male', '1980-07-31', 'Patient', 'Active'),
(198906135, 'Hermione', 'Granger', 'hermione.granger@example.com', 4567890123, 'Password123', 'Female', '1979-09-19', 'Patient', 'Active'),
(198906136, 'Ron', 'Weasley', 'ron.weasley@example.com', 5678901234, 'Password123', 'Male', '1980-03-01', 'Patient', 'Active'),
(198906137, 'Albus', 'Dumbledore', 'albus.dumbledore@example.com', 6789012345, 'Password123', 'Male', '1881-08-01', 'Patient', 'Active'),
(198906138, 'Severus', 'Snape', 'severus.snape@example.com', 7890123456, 'Password123', 'Male', '1960-01-09', 'Patient', 'Active'),
(198906139, 'Luna', 'Lovegood', 'luna.lovegood@example.com', 8901234567, 'Password123', 'Female', '1981-02-13', 'Patient', 'Active'),
(198906140, 'Draco', 'Malfoy', 'draco.malfoy@example.com', 9012345678, 'Password123', 'Male', '1980-06-05', 'Patient', 'Active'),
(198906141, 'Ginny', 'Weasley', 'ginny.weasley@example.com', 1234567890, 'Password123', 'Female', '1981-08-11', 'Patient', 'Active'),
(198906142, 'Neville', 'Longbottom', 'neville.longbottom@example.com', 2345678901, 'Password123', 'Male', '1980-07-30', 'Patient', 'Active'),
(198906143, 'Sirius', 'Black', 'sirius.black@example.com', 3456789012, 'Password123', 'Male', '1959-11-03', 'Patient', 'Active'),
(198906144, 'Remus', 'Lupin', 'remus.lupin@example.com', 4567890123, 'Password123', 'Male', '1960-03-10', 'Patient', 'Active'),
(198906145, 'Molly', 'Weasley', 'molly.weasley@example.com', 5678901234, 'Password123', 'Female', '1950-10-30', 'Patient', 'Active'),
(198906146, 'Arthur', 'Weasley', 'arthur.weasley@example.com', 6789012345, 'Password123', 'Male', '1950-02-06', 'Patient', 'Active'),
(198906147, 'Fred', 'Weasley', 'fred.weasley@example.com', 7890123456, 'Password123', 'Male', '1978-04-01', 'Patient', 'Active'),
(198906148, 'George', 'Weasley', 'george.weasley@example.com', 8901234567, 'Password123', 'Male', '1978-04-01', 'Patient', 'Active'),
(198906149, 'Bill', 'Weasley', 'bill.weasley@example.com', 9012345678, 'Password123', 'Male', '1970-11-29', 'Patient', 'Active'),
(198906150, 'Fleur', 'Delacour', 'fleur.delacour@example.com', 1234567890, 'Password123', 'Female', '1977-05-15', 'Patient', 'Active'),
(198906151, 'Hagrid', 'Rubeus', 'hagrid.rubeus@example.com', 2345678901, 'Password123', 'Male', '1928-12-06', 'Patient', 'Active'),
(198906152, 'Minerva', 'McGonagall', 'minerva.mcgonagall@example.com', 3456789012, 'Password123', 'Female', '1935-10-04', 'Patient', 'Active'),
(198906153, 'Dolores', 'Umbridge', 'dolores.umbridge@example.com', 4567890123, 'Password123', 'Female', '1965-08-26', 'Patient', 'Active'),
(198906154, 'Bellatrix', 'Lestrange', 'bellatrix.lestrange@example.com', 5678901234, 'Password123', 'Female', '1951-06-12', 'Patient', 'Active'),
(198906155, 'Lucius', 'Malfoy', 'lucius.malfoy@example.com', 6789012345, 'Password123', 'Male', '1954-03-09', 'Patient', 'Active'),
(198906156, 'Narcissa', 'Malfoy', 'narcissa.malfoy@example.com', 7890123456, 'Password123', 'Female', '1955-07-18', 'Patient', 'Active'),
(198906157, 'Cho', 'Chang', 'cho.chang@example.com', 8901234567, 'Password123', 'Female', '1979-04-22', 'Patient', 'Active'),
(198906158, 'Cedric', 'Diggory', 'cedric.diggory@example.com', 9012345678, 'Password123', 'Male', '1977-09-15', 'Patient', 'Active'),
(198906159, 'Viktor', 'Krum', 'viktor.krum@example.com', 1234567890, 'Password123', 'Male', '1976-12-20', 'Patient', 'Active'),
(198906160, 'Lavender', 'Brown', 'lavender.brown@example.com', 2345678901, 'Password123', 'Female', '1980-01-25', 'Patient', 'Active'),
(198906161, 'Dean', 'Thomas', 'dean.thomas@example.com', 3456789012, 'Password123', 'Male', '1980-05-30', 'Patient', 'Active'),
(198906162, 'Seamus', 'Finnigan', 'seamus.finnigan@example.com', 4567890123, 'Password123', 'Male', '1980-03-15', 'Patient', 'Active'),
(198906163, 'Parvati', 'Patil', 'parvati.patil@example.com', 5678901234, 'Password123', 'Female', '1980-07-20', 'Patient', 'Active'),
(198906164, 'Padma', 'Patil', 'padma.patil@example.com', 6789012345, 'Password123', 'Female', '1980-07-20', 'Patient', 'Active'),
(198906165, 'Oliver', 'Wood', 'oliver.wood@example.com', 7890123456, 'Password123', 'Male', '1976-02-05', 'Patient', 'Active'),
(198906166, 'Katie', 'Bell', 'katie.bell@example.com', 8901234567, 'Password123', 'Female', '1978-09-10', 'Patient', 'Active'),
(198906167, 'Angelina', 'Johnson', 'angelina.johnson@example.com', 9012345678, 'Password123', 'Female', '1977-10-25', 'Patient', 'Active'),
(198906168, 'Lee', 'Jordan', 'lee.jordan@example.com', 1234567890, 'Password123', 'Male', '1978-12-30', 'Patient', 'Active'),
(198906169, 'Alicia', 'Spinnet', 'alicia.spinnet@example.com', 2345678901, 'Password123', 'Female', '1979-04-15', 'Patient', 'Active'),
(198906170, 'Colin', 'Creevey', 'colin.creevey@example.com', 3456789012, 'Password123', 'Male', '1981-05-20', 'Patient', 'Active'),
(198906171, 'Dennis', 'Creevey', 'dennis.creevey@example.com', 4567890123, 'Password123', 'Male', '1983-08-25', 'Patient', 'Active'),
(198906172, 'Zacharias', 'Smith', 'zacharias.smith@example.com', 5678901234, 'Password123', 'Male', '1980-11-30', 'Patient', 'Active'),
(198906173, 'Hannah', 'Abbott', 'hannah.abbott@example.com', 6789012345, 'Password123', 'Female', '1980-02-05', 'Patient', 'Active'),
(198906174, 'Ernie', 'Macmillan', 'ernie.macmillan@example.com', 7890123456, 'Password123', 'Male', '1980-06-10', 'Patient', 'Active'),
(198906175, 'Justin', 'Finch-Fletchley', 'justin.finchfletchley@example.com', 8901234567, 'Password123', 'Male', '1980-09-15', 'Patient', 'Active'),
(198906176, 'Susan', 'Bones', 'susan.bones@example.com', 9012345678, 'Password123', 'Female', '1980-03-20', 'Patient', 'Active'),
(198906177, 'Terry', 'Boot', 'terry.boot@example.com', 1234567890, 'Password123', 'Male', '1980-07-25', 'Patient', 'Active'),
(198906178, 'Anthony', 'Goldstein', 'anthony.goldstein@example.com', 2345678901, 'Password123', 'Male', '1980-10-30', 'Patient', 'Active'),
(198906179, 'Michael', 'Corner', 'michael.corner@example.com', 3456789012, 'Password123', 'Male', '1980-01-05', 'Patient', 'Active'),
(198906180, 'Frodo', 'Baggins', 'frodo.baggins@example.com', 4567890123, 'Password123', 'Male', '1968-09-22', 'Patient', 'Active'),
(198906181, 'Samwise', 'Gamgee', 'samwise.gamgee@example.com', 5678901234, 'Password123', 'Male', '1970-04-06', 'Patient', 'Active'),
(198906182, 'Merry', 'Brandybuck', 'merry.brandybuck@example.com', 6789012345, 'Password123', 'Male', '1972-03-14', 'Patient', 'Active'),
(198906183, 'Pippin', 'Took', 'pippin.took@example.com', 7890123456, 'Password123', 'Male', '1973-05-29', 'Patient', 'Active'),
(198906184, 'Gandalf', 'TheGrey', 'gandalf.thegrey@example.com', 8901234567, 'Password123', 'Male', '1900-01-01', 'Patient', 'Active'),
(198906185, 'Aragorn', 'Elessar', 'aragorn.elessar@example.com', 9012345678, 'Password123', 'Male', '1931-03-01', 'Patient', 'Active'),
(198906186, 'Legolas', 'Greenleaf', 'legolas.greenleaf@example.com', 1234567890, 'Password123', 'Male', '1900-07-15', 'Patient', 'Active'),
(198906187, 'Gimli', 'SonOfGloin', 'gimli.sonofgloin@example.com', 2345678901, 'Password123', 'Male', '1900-11-20', 'Patient', 'Active'),
(198906188, 'Bilbo', 'Baggins', 'bilbo.baggins@example.com', 3456789012, 'Password123', 'Male', '1890-09-22', 'Patient', 'Active'),
(198906189, 'Galadriel', 'LadyOfLight', 'galadriel.ladyoflight@example.com', 4567890123, 'Password123', 'Female', '1900-02-05', 'Patient', 'Active'),
(198906190, 'Elrond', 'Halfelven', 'elrond.halfelven@example.com', 5678901234, 'Password123', 'Male', '1900-06-10', 'Patient', 'Active'),
(198906191, 'Arwen', 'Evenstar', 'arwen.evenstar@example.com', 6789012345, 'Password123', 'Female', '1901-09-15', 'Patient', 'Active'),
(198906192, 'Eowyn', 'Shieldmaiden', 'eowyn.shieldmaiden@example.com', 7890123456, 'Password123', 'Female', '1975-03-20', 'Patient', 'Active'),
(198906193, 'Faramir', 'SonOfDenethor', 'faramir.sonofdenethor@example.com', 8901234567, 'Password123', 'Male', '1978-07-25', 'Patient', 'Active'),
(198906194, 'Boromir', 'SonOfDenethor', 'boromir.sonofdenethor@example.com', 9012345678, 'Password123', 'Male', '1976-10-30', 'Patient', 'Active'),
(198906195, 'Thorin', 'Oakenshield', 'thorin.oakenshield@example.com', 1234567890, 'Password123', 'Male', '1900-01-05', 'Patient', 'Active'),
(198906196, 'Dwalin', 'Warrior', 'dwalin.warrior@example.com', 2345678901, 'Password123', 'Male', '1900-04-10', 'Patient', 'Active'),
(198906197, 'Balin', 'Wise', 'balin.wise@example.com', 3456789012, 'Password123', 'Male', '1900-08-15', 'Patient', 'Active'),
(198906198, 'Kili', 'Archer', 'kili.archer@example.com', 4567890123, 'Password123', 'Male', '1900-12-20', 'Patient', 'Active'),
(198906199, 'Fili', 'Fighter', 'fili.fighter@example.com', 5678901234, 'Password123', 'Male', '1901-03-25', 'Patient', 'Active'),
(198906200, 'Dori', 'Strong', 'dori.strong@example.com', 6789012345, 'Password123', 'Male', '1900-06-30', 'Patient', 'Active'),
(198906201, 'Nori', 'Thief', 'nori.thief@example.com', 7890123456, 'Password123', 'Male', '1900-09-05', 'Patient', 'Active'),
(198906202, 'Ori', 'Scribe', 'ori.scribe@example.com', 8901234567, 'Password123', 'Male', '1901-02-10', 'Patient', 'Active'),
(198906203, 'Bifur', 'Warrior', 'bifur.warrior@example.com', 9012345678, 'Password123', 'Male', '1900-05-15', 'Patient', 'Active'),
(198906204, 'Bofur', 'Miner', 'bofur.miner@example.com', 1234567890, 'Password123', 'Male', '1900-08-20', 'Patient', 'Active'),
(198906205, 'Bombur', 'Cook', 'bombur.cook@example.com', 2345678901, 'Password123', 'Male', '1900-11-25', 'Patient', 'Active'),
(198906206, 'Oin', 'Healer', 'oin.healer@example.com', 3456789012, 'Password123', 'Male', '1901-03-30', 'Patient', 'Active'),
(198906207, 'Gloin', 'FatherOfGimli', 'gloin.fatherofgimli@example.com', 4567890123, 'Password123', 'Male', '1900-06-05', 'Patient', 'Active'),
(198906208, 'Thranduil', 'Elvenking', 'thranduil.elvenking@example.com', 5678901234, 'Password123', 'Male', '1900-09-10', 'Patient', 'Active'),
(198906209, 'Bard', 'TheBowman', 'bard.thebowman@example.com', 6789012345, 'Password123', 'Male', '1975-12-15', 'Patient', 'Active'),
(198906210, 'Smaug', 'Dragon', 'smaug.dragon@example.com', 7890123456, 'Password123', 'Male', '1900-01-20', 'Patient', 'Active'),
(198906211, 'Tauriel', 'Elf', 'tauriel.elf@example.com', 8901234567, 'Password123', 'Female', '1901-04-25', 'Patient', 'Active'),
(198906212, 'Beorn', 'Skinchanger', 'beorn.skinchanger@example.com', 9012345678, 'Password123', 'Male', '1900-07-30', 'Patient', 'Active'),
(198906213, 'Radagast', 'TheBrown', 'radagast.thebrown@example.com', 1234567890, 'Password123', 'Male', '1900-10-05', 'Patient', 'Active'),
(198906214, 'Saruman', 'TheWhite', 'saruman.thewhite@example.com', 2345678901, 'Password123', 'Male', '1900-02-10', 'Patient', 'Active'),
(198906215, 'Sauron', 'DarkLord', 'sauron.darklord@example.com', 3456789012, 'Password123', 'Male', '1900-05-15', 'Patient', 'Active'),
(198906216, 'Gollum', 'Smeagol', 'gollum.smeagol@example.com', 4567890123, 'Password123', 'Male', '1900-08-20', 'Patient', 'Active'),
(198906217, 'Eomer', 'Rohirrim', 'eomer.rohirrim@example.com', 5678901234, 'Password123', 'Male', '1978-11-25', 'Patient', 'Active'),
(198906218, 'Theoden', 'KingOfRohan', 'theoden.kingofrohan@example.com', 6789012345, 'Password123', 'Male', '1948-03-30', 'Patient', 'Active'),
(198906219, 'Grima', 'Wormtongue', 'grima.wormtongue@example.com', 7890123456, 'Password123', 'Male', '1965-06-05', 'Patient', 'Active'),
(198906220, 'Denethor', 'Steward', 'denethor.steward@example.com', 8901234567, 'Password123', 'Male', '1930-09-10', 'Patient', 'Active'),
(198906221, 'Beregond', 'Guard', 'beregond.guard@example.com', 9012345678, 'Password123', 'Male', '1975-12-15', 'Patient', 'Active'),
(198906222, 'Imrahil', 'Prince', 'imrahil.prince@example.com', 1234567890, 'Password123', 'Male', '1955-01-20', 'Patient', 'Active'),
(198906223, 'Eothain', 'Rider', 'eothain.rider@example.com', 2345678901, 'Password123', 'Male', '1980-04-25', 'Patient', 'Active'),
(198906224, 'Hama', 'Guard', 'hama.guard@example.com', 3456789012, 'Password123', 'Male', '1978-07-30', 'Patient', 'Active'),
(198906225, 'Gamling', 'Soldier', 'gamling.soldier@example.com', 4567890123, 'Password123', 'Male', '1950-10-05', 'Patient', 'Active'),
(198906226, 'Haleth', 'SonOfHama', 'haleth.sonofhama@example.com', 5678901234, 'Password123', 'Male', '1990-02-10', 'Patient', 'Active'),
(198906227, 'Fredegar', 'Bolger', 'fredegar.bolger@example.com', 6789012345, 'Password123', 'Male', '1978-05-15', 'Patient', 'Active'),
(198906228, 'Rosie', 'Cotton', 'rosie.cotton@example.com', 7890123456, 'Password123', 'Female', '1980-08-20', 'Patient', 'Active'),
(198906229, 'Lobelia', 'Sackville-Baggins', 'lobelia.sackvillebaggins@example.com', 8901234567, 'Password123', 'Female', '1910-11-25', 'Patient', 'Active'),
(198906230, 'Lotho', 'Sackville-Baggins', 'lotho.sackvillebaggins@example.com', 9012345678, 'Password123', 'Male', '1912-03-30', 'Patient', 'Active'),
(198906231, 'Hamfast', 'Gamgee', 'hamfast.gamgee@example.com', 1234567890, 'Password123', 'Male', '1920-06-05', 'Patient', 'Active'),
(198906232, 'Daisy', 'Gamgee', 'daisy.gamgee@example.com', 2345678901, 'Password123', 'Female', '1975-09-10', 'Patient', 'Active'),
(198906233, 'Elanor', 'Gamgee', 'elanor.gamgee@example.com', 3456789012, 'Password123', 'Female', '1995-12-15', 'Patient', 'Active');

-- Patients
INSERT INTO Patients (user_id) VALUES
(198906134), (198906135), (198906136), (198906137), (198906138), (198906139), (198906140), (198906141), (198906142), (198906143),
(198906144), (198906145), (198906146), (198906147), (198906148), (198906149), (198906150), (198906151), (198906152), (198906153),
(198906154), (198906155), (198906156), (198906157), (198906158), (198906159), (198906160), (198906161), (198906162), (198906163),
(198906164), (198906165), (198906166), (198906167), (198906168), (198906169), (198906170), (198906171), (198906172), (198906173),
(198906174), (198906175), (198906176), (198906177), (198906178), (198906179), (198906180), (198906181), (198906182), (198906183),
(198906184), (198906185), (198906186), (198906187), (198906188), (198906189), (198906190), (198906191), (198906192), (198906193),
(198906194), (198906195), (198906196), (198906197), (198906198), (198906199), (198906200), (198906201), (198906202), (198906203),
(198906204), (198906205), (198906206), (198906207), (198906208), (198906209), (198906210), (198906211), (198906212), (198906213),
(198906214), (198906215), (198906216), (198906217), (198906218), (198906219), (198906220), (198906221), (198906222), (198906223),
(198906224), (198906225), (198906226), (198906227), (198906228), (198906229), (198906230), (198906231), (198906232), (198906233);

INSERT INTO Medicines (id, name, quantity, price) VALUES
(1, 'Ibuprofen', 999, 10.00),
(2, 'Amoxicillin', 999, 15.00),
(3, 'Metformin', 999, 20.00),
(4, 'Lisinopril', 999, 18.00),
(5, 'Atorvastatin', 999, 25.00),
(6, 'Omeprazole', 999, 12.00),
(7, 'Levothyroxine', 999, 22.00),
(8, 'Amlodipine', 999, 16.00),
(9, 'Hydrochlorothiazide', 999, 14.00),
(10, 'Gabapentin', 999, 30.00),
(11, 'Prednisone', 999, 28.00),
(12, 'Citalopram', 999, 24.00),
(13, 'Sertraline', 999, 26.00),
(14, 'Fluoxetine', 999, 22.00),
(15, 'Albuterol', 999, 35.00),
(16, 'Montelukast', 999, 32.00),
(17, 'Losartan', 999, 19.00),
(18, 'Simvastatin', 999, 21.00),
(19, 'Warfarin', 999, 27.00),
(20, 'Clopidogrel', 999, 40.00),
(21, 'Metoprolol', 999, 17.00),
(22, 'Pantoprazole', 999, 23.00),
(23, 'Duloxetine', 999, 29.00),
(24, 'Trazodone', 999, 18.00),
(25, 'Ranitidine', 999, 15.00),
(26, 'Furosemide', 999, 20.00),
(27, 'Cetirizine', 999, 12.00),
(28, 'Loratadine', 999, 13.00),
(29, 'Aspirin', 999, 8.00),
(30, 'Paracetamol', 999, 10.00);

INSERT INTO Tests (id, name, quantity, price) VALUES
(1, 'Complete Blood Count', 999, 50.00),
(2, 'MRI Scan', 999, 1200.00),
(3, 'X-Ray', 999, 300.00),
(4, 'Ultrasound', 999, 400.00),
(5, 'CT Scan', 999, 1000.00),
(6, 'Electrocardiogram', 999, 150.00),
(7, 'Stress Test', 999, 250.00),
(8, 'Vision Test', 999, 80.00),
(9, 'Hearing Test', 999, 90.00),
(10, 'Liver Function Test', 999, 200.00),
(11, 'Thyroid Function Test', 999, 180.00),
(12, 'Bone Density Scan', 999, 350.00),
(13, 'Kidney Function Test', 999, 220.00),
(14, 'Allergy Test', 999, 150.00),
(15, 'Cholesterol Test', 999, 100.00),
(16, 'Blood Glucose Test', 999, 120.00),
(17, 'Lipid Profile', 999, 180.00),
(18, 'Stool Analysis', 999, 90.00),
(19, 'Echocardiogram', 999, 800.00),
(20, 'Skin Biopsy', 999, 300.00),
(21, 'Pulmonary Function Test', 999, 250.00),
(22, 'Urinalysis', 999, 80.00),
(23, 'PET Scan', 999, 1500.00),
(24, 'Mammogram', 999, 400.00),
(25, 'Prostate-Specific Antigen Test', 999, 200.00),
(26, 'Colonoscopy', 999, 600.00),
(27, 'Endoscopy', 999, 500.00),
(28, 'Sleep Study', 999, 700.00),
(29, 'Genetic Testing', 999, 1000.00),
(30, 'Lumbar Puncture', 999, 900.00);

INSERT INTO Surgeries (id, name, quantity, price) VALUES
(1, 'Coronary Artery Bypass Graft', 999, 5000.00),
(2, 'Brain Tumor Removal', 999, 4500.00),
(3, 'Spinal Fusion', 999, 4000.00),
(4, 'Appendectomy', 999, 2000.00),
(5, 'Knee Replacement', 999, 3500.00),
(6, 'Hip Replacement', 999, 3800.00),
(7, 'Gallbladder Removal', 999, 2500.00),
(8, 'Cataract Surgery', 999, 1800.00),
(9, 'Hernia Repair', 999, 2200.00),
(10, 'Tonsillectomy', 999, 1500.00),
(11, 'Thyroidectomy', 999, 2800.00),
(12, 'Angioplasty', 999, 3200.00),
(13, 'Lung Resection', 999, 4200.00),
(14, 'Breast Biopsy', 999, 2000.00),
(15, 'Cesarean Section', 999, 3000.00),
(16, 'Prostatectomy', 999, 3500.00),
(17, 'Coronary Stent Placement', 999, 3800.00),
(18, 'Laparoscopic Surgery', 999, 2500.00),
(19, 'Craniotomy', 999, 4800.00),
(20, 'Arthroscopic Surgery', 999, 2200.00),
(21, 'Cholecystectomy', 999, 2800.00),
(22, 'Hysterectomy', 999, 3000.00),
(23, 'Mastectomy', 999, 3500.00),
(24, 'Tumor Resection', 999, 4000.00),
(25, 'Vasectomy', 999, 1500.00),
(26, 'Gastric Bypass Surgery', 999, 4500.00),
(27, 'Bariatric Surgery', 999, 4800.00),
(28, 'Plastic Surgery', 999, 3000.00),
(29, 'Reconstructive Surgery', 999, 4200.00),
(30, 'Organ Transplant', 999, 5000.00);

INSERT INTO Equipment (id, name, quantity, price) VALUES
(1, 'Cardiac Stent', 999, 2000.00),
(2, 'Prosthetic Arm', 999, 5000.00),
(3, 'Crutches', 999, 80.00),
(4, 'Wheelchair', 999, 500.00),
(5, 'Prosthetic Leg', 999, 6000.00),
(6, 'Hearing Aid', 999, 1000.00),
(7, 'Orthopedic Brace', 999, 150.00),
(8, 'Insulin Pump', 999, 3000.00),
(9, 'Knee Brace', 999, 100.00),
(10, 'Cervical Collar', 999, 60.00),
(11, 'Ankle Support', 999, 50.00),
(12, 'Pacemaker', 999, 4000.00),
(13, 'Hip Implant', 999, 4500.00),
(14, 'Knee Implant', 999, 4000.00),
(15, 'Shoulder Sling', 999, 40.00),
(16, 'Walking Cane', 999, 30.00),
(17, 'Oxygen Mask', 999, 20.00),
(18, 'Nebulizer', 999, 200.00),
(19, 'Artificial Heart Valve', 999, 3500.00),
(20, 'Spinal Implant', 999, 5000.00),
(21, 'Breast Prosthesis', 999, 800.00),
(22, 'Dental Implant', 999, 2500.00),
(23, 'Compression Stockings', 999, 50.00),
(24, 'Surgical Mesh', 999, 300.00),
(25, 'Bone Plate', 999, 1000.00),
(26, 'Screws for Bone Fixation', 999, 200.00),
(27, 'IV Catheter', 999, 10.00),
(28, 'Tracheostomy Tube', 999, 150.00),
(29, 'Urinary Catheter', 999, 25.00),
(30, 'Colostomy Bag', 999, 40.00);

-- VisitRecords (500 records, id: 6489648964 - 6489649463)
INSERT INTO VisitRecords (id, patient_id, visit_date, symptoms, examinations, diagnosis, disease_type, doctor_id) VALUES
(6489648964, 198906134, '2023-01-05 09:00:00', 'Fever, Cough', 'Normal BP, Elevated Temperature', 'Common Cold', 'Infectious', 198906044),
(6489648965, 198906135, '2023-01-07 10:15:00', 'Headache', 'Normal Findings', 'Tension Headache', 'Neurological', 198906045),
(6489648966, 198906136, '2023-01-10 11:30:00', 'Fatigue', 'Normal BP', 'No Issues, Needs Rest', 'None', 198906046),
(6489648967, 198906137, '2023-01-12 14:00:00', 'Sore Throat', 'Red Throat', 'Pharyngitis', 'Infectious', 198906047),
(6489648968, 198906138, '2023-01-15 15:45:00', 'Back Pain', 'Limited Mobility', 'Muscle Strain', 'Musculoskeletal', 198906048),
(6489648969, 198906139, '2023-01-18 09:30:00', 'Fever, Chills', 'Elevated Heart Rate', 'Influenza', 'Infectious', 198906049),
(6489648970, 198906140, '2023-01-20 12:00:00', 'Dizziness', 'Normal BP', 'Vertigo', 'Neurological', 198906050),
(6489648971, 198906141, '2023-01-22 13:15:00', 'Rash', 'Skin Irritation', 'Allergic Reaction', 'Dermatological', 198906051),
(6489648972, 198906142, '2023-01-25 10:00:00', 'Cough', 'Normal Lungs', 'No Issues, Needs Rest', 'None', 198906052),
(6489648973, 198906143, '2023-01-27 11:45:00', 'Abdominal Pain', 'Tenderness', 'Gastritis', 'Gastrointestinal', 198906053),
(6489648974, 198906144, '2023-02-01 09:00:00', 'Fever, Fatigue', 'Elevated Temperature', 'Viral Infection', 'Infectious', 198906054),
(6489648975, 198906145, '2023-02-03 10:30:00', 'Headache', 'Normal Findings', 'Migraine', 'Neurological', 198906055),
(6489648976, 198906146, '2023-02-05 14:00:00', 'Joint Pain', 'Swelling', 'Arthritis', 'Musculoskeletal', 198906056),
(6489648977, 198906147, '2023-02-07 15:00:00', 'Sore Throat', 'Normal Throat', 'No Issues, Needs Rest', 'None', 198906057),
(6489648978, 198906148, '2023-02-09 09:15:00', 'Cough, Fever', 'Chest Congestion', 'Bronchitis', 'Infectious', 198906058),
(6489648979, 198906149, '2023-02-11 11:00:00', 'Fatigue', 'Normal BP', 'Anemia', 'Hematological', 198906059),
(6489648980, 198906150, '2023-02-13 13:30:00', 'Skin Rash', 'Itching', 'Eczema', 'Dermatological', 198906060),
(6489648981, 198906151, '2023-02-15 15:45:00', 'Headache', 'Elevated BP', 'Hypertension', 'Cardiovascular', 198906061),
(6489648982, 198906152, '2023-02-17 09:00:00', 'Fever', 'Normal Findings', 'No Issues, Needs Rest', 'None', 198906062),
(6489648983, 198906153, '2023-02-19 10:30:00', 'Abdominal Pain', 'Tenderness', 'Appendicitis', 'Gastrointestinal', 198906063),
(6489648984, 198906154, '2023-02-21 12:00:00', 'Cough, Fever', 'Elevated Temperature', 'Pneumonia', 'Infectious', 198906064),
(6489648985, 198906155, '2023-02-23 14:15:00', 'Dizziness', 'Low BP', 'Dehydration', 'Metabolic', 198906065),
(6489648986, 198906156, '2023-02-25 16:00:00', 'Rash', 'Skin Irritation', 'Contact Dermatitis', 'Dermatological', 198906066),
(6489648987, 198906157, '2023-02-27 09:30:00', 'Fatigue', 'Normal Findings', 'No Issues, Needs Rest', 'None', 198906067),
(6489648988, 198906158, '2023-03-01 11:00:00', 'Sore Throat', 'Red Throat', 'Strep Throat', 'Infectious', 198906068),
(6489648989, 198906159, '2023-03-03 13:45:00', 'Headache', 'Normal BP', 'Tension Headache', 'Neurological', 198906069),
(6489648990, 198906160, '2023-03-05 15:00:00', 'Fever, Cough', 'Chest Congestion', 'Bronchitis', 'Infectious', 198906070),
(6489648991, 198906161, '2023-03-07 09:00:00', 'Joint Pain', 'Swelling', 'Rheumatoid Arthritis', 'Musculoskeletal', 198906071),
(6489648992, 198906162, '2023-03-09 10:30:00', 'Abdominal Pain', 'Normal Findings', 'No Issues, Needs Rest', 'None', 198906072),
(6489648993, 198906163, '2023-03-11 12:00:00', 'Fatigue', 'Low Iron', 'Anemia', 'Hematological', 198906073),
(6489648994, 198906164, '2023-03-13 14:15:00', 'Fever, Chills', 'Elevated Temperature', 'Malaria', 'Infectious', 198906044),
(6489648995, 198906165, '2023-03-15 16:00:00', 'Headache', 'Elevated BP', 'Hypertension', 'Cardiovascular', 198906045),
(6489648996, 198906166, '2023-03-17 09:00:00', 'Rash', 'Itching', 'Psoriasis', 'Dermatological', 198906046),
(6489648997, 198906167, '2023-03-19 11:30:00', 'Cough', 'Normal Lungs', 'No Issues, Needs Rest', 'None', 198906047),
(6489648998, 198906168, '2023-03-21 13:00:00', 'Sore Throat', 'Red Throat', 'Pharyngitis', 'Infectious', 198906048),
(6489648999, 198906169, '2023-03-23 15:45:00', 'Fatigue', 'Normal BP', 'Chronic Fatigue Syndrome', 'Neurological', 198906049),
(6489649000, 198906170, '2023-03-25 09:15:00', 'Abdominal Pain', 'Tenderness', 'Ulcer', 'Gastrointestinal', 198906050),
(6489649001, 198906171, '2023-03-27 11:00:00', 'Fever, Cough', 'Elevated Temperature', 'Influenza', 'Infectious', 198906051),
(6489649002, 198906172, '2023-03-29 13:30:00', 'Dizziness', 'Low BP', 'Hypotension', 'Cardiovascular', 198906052),
(6489649003, 198906173, '2023-04-01 15:00:00', 'Rash', 'Skin Irritation', 'Eczema', 'Dermatological', 198906053),
(6489649004, 198906174, '2023-04-03 09:00:00', 'Headache', 'Normal Findings', 'No Issues, Needs Rest', 'None', 198906054),
(6489649005, 198906175, '2023-04-05 10:30:00', 'Sore Throat', 'Red Throat', 'Tonsillitis', 'Infectious', 198906055),
(6489649006, 198906176, '2023-04-07 12:00:00', 'Fatigue', 'Low Iron', 'Anemia', 'Hematological', 198906056),
(6489649007, 198906177, '2023-04-09 14:15:00', 'Fever, Chills', 'Elevated Temperature', 'Dengue Fever', 'Infectious', 198906057),
(6489649008, 198906178, '2023-04-11 16:00:00', 'Headache', 'Elevated BP', 'Hypertension', 'Cardiovascular', 198906058),
(6489649009, 198906179, '2023-04-13 09:00:00', 'Rash', 'Itching', 'Contact Dermatitis', 'Dermatological', 198906059),
(6489649010, 198906180, '2023-04-15 11:30:00', 'Cough', 'Normal Lungs', 'No Issues, Needs Rest', 'None', 198906060),
(6489649011, 198906181, '2023-04-17 13:00:00', 'Sore Throat', 'Red Throat', 'Strep Throat', 'Infectious', 198906061),
(6489649012, 198906182, '2023-04-19 15:45:00', 'Fatigue', 'Normal BP', 'Chronic Fatigue Syndrome', 'Neurological', 198906062),
(6489649013, 198906183, '2023-04-21 09:15:00', 'Abdominal Pain', 'Tenderness', 'Gastritis', 'Gastrointestinal', 198906063),
(6489649014, 198906184, '2023-04-23 11:00:00', 'Fever, Cough', 'Elevated Temperature', 'Pneumonia', 'Infectious', 198906064),
(6489649015, 198906185, '2023-04-25 13:30:00', 'Dizziness', 'Low BP', 'Dehydration', 'Metabolic', 198906065),
(6489649016, 198906186, '2023-04-27 15:00:00', 'Rash', 'Skin Irritation', 'Psoriasis', 'Dermatological', 198906066),
(6489649017, 198906187, '2023-04-29 09:00:00', 'Headache', 'Normal Findings', 'No Issues, Needs Rest', 'None', 198906067),
(6489649018, 198906188, '2023-05-01 10:30:00', 'Sore Throat', 'Red Throat', 'Pharyngitis', 'Infectious', 198906068),
(6489649019, 198906189, '2023-05-03 12:00:00', 'Fatigue', 'Low Iron', 'Anemia', 'Hematological', 198906069),
(6489649020, 198906190, '2023-05-05 14:15:00', 'Fever, Chills', 'Elevated Temperature', 'Malaria', 'Infectious', 198906070),
(6489649021, 198906191, '2023-05-07 16:00:00', 'Headache', 'Elevated BP', 'Hypertension', 'Cardiovascular', 198906071),
(6489649022, 198906192, '2023-05-09 09:00:00', 'Rash', 'Itching', 'Eczema', 'Dermatological', 198906072),
(6489649023, 198906193, '2023-05-11 11:30:00', 'Cough', 'Normal Lungs', 'No Issues, Needs Rest', 'None', 198906073),
(6489649024, 198906194, '2023-05-13 13:00:00', 'Sore Throat', 'Red Throat', 'Strep Throat', 'Infectious', 198906044),
(6489649025, 198906195, '2023-05-15 15:45:00', 'Fatigue', 'Normal BP', 'Chronic Fatigue Syndrome', 'Neurological', 198906045),
(6489649026, 198906196, '2023-05-17 09:15:00', 'Abdominal Pain', 'Tenderness', 'Ulcer', 'Gastrointestinal', 198906046),
(6489649027, 198906197, '2023-05-19 11:00:00', 'Fever, Cough', 'Elevated Temperature', 'Influenza', 'Infectious', 198906047),
(6489649028, 198906198, '2023-05-21 13:30:00', 'Dizziness', 'Low BP', 'Hypotension', 'Cardiovascular', 198906048),
(6489649029, 198906199, '2023-05-23 15:00:00', 'Rash', 'Skin Irritation', 'Contact Dermatitis', 'Dermatological', 198906049),
(6489649030, 198906200, '2023-05-25 09:00:00', 'Headache', 'Normal Findings', 'No Issues, Needs Rest', 'None', 198906050),
(6489649031, 198906201, '2023-05-27 10:30:00', 'Sore Throat', 'Red Throat', 'Tonsillitis', 'Infectious', 198906051),
(6489649032, 198906202, '2023-05-29 12:00:00', 'Fatigue', 'Low Iron', 'Anemia', 'Hematological', 198906052),
(6489649033, 198906203, '2023-05-31 14:15:00', 'Fever, Chills', 'Elevated Temperature', 'Dengue Fever', 'Infectious', 198906053),
(6489649034, 198906204, '2023-06-02 16:00:00', 'Headache', 'Elevated BP', 'Hypertension', 'Cardiovascular', 198906054),
(6489649035, 198906205, '2023-06-04 09:00:00', 'Rash', 'Itching', 'Psoriasis', 'Dermatological', 198906055),
(6489649036, 198906206, '2023-06-06 11:30:00', 'Cough', 'Normal Lungs', 'No Issues, Needs Rest', 'None', 198906056),
(6489649037, 198906207, '2023-06-08 13:00:00', 'Sore Throat', 'Red Throat', 'Pharyngitis', 'Infectious', 198906057),
(6489649038, 198906208, '2023-06-10 15:45:00', 'Fatigue', 'Normal BP', 'Chronic Fatigue Syndrome', 'Neurological', 198906058),
(6489649039, 198906209, '2023-06-12 09:15:00', 'Abdominal Pain', 'Tenderness', 'Gastritis', 'Gastrointestinal', 198906059),
(6489649040, 198906210, '2023-06-14 11:00:00', 'Fever, Cough', 'Elevated Temperature', 'Pneumonia', 'Infectious', 198906060),
(6489649041, 198906211, '2023-06-16 13:30:00', 'Dizziness', 'Low BP', 'Dehydration', 'Metabolic', 198906061),
(6489649042, 198906212, '2023-06-18 15:00:00', 'Rash', 'Skin Irritation', 'Eczema', 'Dermatological', 198906062),
(6489649043, 198906213, '2023-06-20 09:00:00', 'Headache', 'Normal Findings', 'No Issues, Needs Rest', 'None', 198906063),
(6489649044, 198906214, '2023-06-22 10:30:00', 'Sore Throat', 'Red Throat', 'Strep Throat', 'Infectious', 198906064),
(6489649045, 198906215, '2023-06-24 12:00:00', 'Fatigue', 'Low Iron', 'Anemia', 'Hematological', 198906065),
(6489649046, 198906216, '2023-06-26 14:15:00', 'Fever, Chills', 'Elevated Temperature', 'Malaria', 'Infectious', 198906066),
(6489649047, 198906217, '2023-06-28 16:00:00', 'Headache', 'Elevated BP', 'Hypertension', 'Cardiovascular', 198906067),
(6489649048, 198906218, '2023-06-30 09:00:00', 'Rash', 'Itching', 'Contact Dermatitis', 'Dermatological', 198906068),
(6489649049, 198906219, '2023-07-02 11:30:00', 'Cough', 'Normal Lungs', 'No Issues, Needs Rest', 'None', 198906069),
(6489649050, 198906220, '2023-07-04 13:00:00', 'Sore Throat', 'Red Throat', 'Pharyngitis', 'Infectious', 198906070),
(6489649051, 198906221, '2023-07-06 15:45:00', 'Fatigue', 'Normal BP', 'Chronic Fatigue Syndrome', 'Neurological', 198906071),
(6489649052, 198906222, '2023-07-08 09:15:00', 'Abdominal Pain', 'Tenderness', 'Ulcer', 'Gastrointestinal', 198906072),
(6489649053, 198906223, '2023-07-10 11:00:00', 'Fever, Cough', 'Elevated Temperature', 'Influenza', 'Infectious', 198906073),
(6489649054, 198906224, '2023-07-12 13:30:00', 'Dizziness', 'Low BP', 'Hypotension', 'Cardiovascular', 198906044),
(6489649055, 198906225, '2023-07-14 15:00:00', 'Rash', 'Skin Irritation', 'Eczema', 'Dermatological', 198906045),
(6489649056, 198906226, '2023-07-16 09:00:00', 'Headache', 'Normal Findings', 'No Issues, Needs Rest', 'None', 198906046),
(6489649057, 198906227, '2023-07-18 10:30:00', 'Sore Throat', 'Red Throat', 'Tonsillitis', 'Infectious', 198906047),
(6489649058, 198906228, '2023-07-20 12:00:00', 'Fatigue', 'Low Iron', 'Anemia', 'Hematological', 198906048),
(6489649059, 198906229, '2023-07-22 14:15:00', 'Fever, Chills', 'Elevated Temperature', 'Dengue Fever', 'Infectious', 198906049),
(6489649060, 198906230, '2023-07-24 16:00:00', 'Headache', 'Elevated BP', 'Hypertension', 'Cardiovascular', 198906050),
(6489649061, 198906231, '2023-07-26 09:00:00', 'Rash', 'Itching', 'Psoriasis', 'Dermatological', 198906051),
(6489649062, 198906232, '2023-07-28 11:30:00', 'Cough', 'Normal Lungs', 'No Issues, Needs Rest', 'None', 198906052),
(6489649063, 198906233, '2023-07-30 13:00:00', 'Sore Throat', 'Red Throat', 'Strep Throat', 'Infectious', 198906053),
(6489649064, 198906134, '2023-08-01 15:45:00', 'Fatigue', 'Normal BP', 'Chronic Fatigue Syndrome', 'Neurological', 198906054),
(6489649065, 198906135, '2023-08-03 09:15:00', 'Abdominal Pain', 'Tenderness', 'Gastritis', 'Gastrointestinal', 198906055),
(6489649066, 198906136, '2023-08-05 11:00:00', 'Fever, Cough', 'Elevated Temperature', 'Pneumonia', 'Infectious', 198906056),
(6489649067, 198906137, '2023-08-07 13:30:00', 'Dizziness', 'Low BP', 'Dehydration', 'Metabolic', 198906057),
(6489649068, 198906138, '2023-08-09 15:00:00', 'Rash', 'Skin Irritation', 'Eczema', 'Dermatological', 198906058),
(6489649069, 198906139, '2023-08-11 09:00:00', 'Headache', 'Normal Findings', 'No Issues, Needs Rest', 'None', 198906059),
(6489649070, 198906140, '2023-08-13 10:30:00', 'Sore Throat', 'Red Throat', 'Pharyngitis', 'Infectious', 198906060),
(6489649071, 198906141, '2023-08-15 12:00:00', 'Fatigue', 'Low Iron', 'Anemia', 'Hematological', 198906061),
(6489649072, 198906142, '2023-08-17 14:15:00', 'Fever, Chills', 'Elevated Temperature', 'Malaria', 'Infectious', 198906062),
(6489649073, 198906143, '2023-08-19 16:00:00', 'Headache', 'Elevated BP', 'Hypertension', 'Cardiovascular', 198906063),
(6489649074, 198906144, '2023-08-21 09:00:00', 'Rash', 'Itching', 'Contact Dermatitis', 'Dermatological', 198906064),
(6489649075, 198906145, '2023-08-23 11:30:00', 'Cough', 'Normal Lungs', 'No Issues, Needs Rest', 'None', 198906065),
(6489649076, 198906146, '2023-08-25 13:00:00', 'Sore Throat', 'Red Throat', 'Strep Throat', 'Infectious', 198906066),
(6489649077, 198906147, '2023-08-27 15:45:00', 'Fatigue', 'Normal BP', 'Chronic Fatigue Syndrome', 'Neurological', 198906067),
(6489649078, 198906148, '2023-08-29 09:15:00', 'Abdominal Pain', 'Tenderness', 'Ulcer', 'Gastrointestinal', 198906068),
(6489649079, 198906149, '2023-08-31 11:00:00', 'Fever, Cough', 'Elevated Temperature', 'Influenza', 'Infectious', 198906069),
(6489649080, 198906150, '2023-09-02 13:30:00', 'Dizziness', 'Low BP', 'Hypotension', 'Cardiovascular', 198906070),
(6489649081, 198906151, '2023-09-04 15:00:00', 'Rash', 'Skin Irritation', 'Eczema', 'Dermatological', 198906071),
(6489649082, 198906152, '2023-09-06 09:00:00', 'Headache', 'Normal Findings', 'No Issues, Needs Rest', 'None', 198906072),
(6489649083, 198906153, '2023-09-08 10:30:00', 'Sore Throat', 'Red Throat', 'Tonsillitis', 'Infectious', 198906073),
(6489649084, 198906154, '2023-09-10 12:00:00', 'Fatigue', 'Low Iron', 'Anemia', 'Hematological', 198906044),
(6489649085, 198906155, '2023-09-12 14:15:00', 'Fever, Chills', 'Elevated Temperature', 'Dengue Fever', 'Infectious', 198906045),
(6489649086, 198906156, '2023-09-14 16:00:00', 'Headache', 'Elevated BP', 'Hypertension', 'Cardiovascular', 198906046),
(6489649087, 198906157, '2023-09-16 09:00:00', 'Rash', 'Itching', 'Psoriasis', 'Dermatological', 198906047),
(6489649088, 198906158, '2023-09-18 11:30:00', 'Cough', 'Normal Lungs', 'No Issues, Needs Rest', 'None', 198906048),
(6489649089, 198906159, '2023-09-20 13:00:00', 'Sore Throat', 'Red Throat', 'Pharyngitis', 'Infectious', 198906049),
(6489649090, 198906160, '2023-09-22 15:45:00', 'Fatigue', 'Normal BP', 'Chronic Fatigue Syndrome', 'Neurological', 198906050),
(6489649091, 198906161, '2023-09-24 09:15:00', 'Abdominal Pain', 'Tenderness', 'Gastritis', 'Gastrointestinal', 198906051),
(6489649092, 198906162, '2023-09-26 11:00:00', 'Fever, Cough', 'Elevated Temperature', 'Pneumonia', 'Infectious', 198906052),
(6489649093, 198906163, '2023-09-28 13:30:00', 'Dizziness', 'Low BP', 'Dehydration', 'Metabolic', 198906053),
(6489649094, 198906164, '2023-09-30 15:00:00', 'Rash', 'Skin Irritation', 'Eczema', 'Dermatological', 198906054),
(6489649095, 198906165, '2023-10-02 09:00:00', 'Headache', 'Normal Findings', 'No Issues, Needs Rest', 'None', 198906055),
(6489649096, 198906166, '2023-10-04 10:30:00', 'Sore Throat', 'Red Throat', 'Strep Throat', 'Infectious', 198906056),
(6489649097, 198906167, '2023-10-06 12:00:00', 'Fatigue', 'Low Iron', 'Anemia', 'Hematological', 198906057),
(6489649098, 198906168, '2023-10-08 14:15:00', 'Fever, Chills', 'Elevated Temperature', 'Malaria', 'Infectious', 198906058),
(6489649099, 198906169, '2023-10-10 16:00:00', 'Headache', 'Elevated BP', 'Hypertension', 'Cardiovascular', 198906059),
(6489649100, 198906170, '2023-10-12 09:00:00', 'Rash', 'Itching', 'Contact Dermatitis', 'Dermatological', 198906060),
(6489649101, 198906171, '2023-10-14 11:30:00', 'Cough', 'Normal Lungs', 'No Issues, Needs Rest', 'None', 198906061),
(6489649102, 198906172, '2023-10-16 13:00:00', 'Sore Throat', 'Red Throat', 'Pharyngitis', 'Infectious', 198906062),
(6489649103, 198906173, '2023-10-18 15:45:00', 'Fatigue', 'Normal BP', 'Chronic Fatigue Syndrome', 'Neurological', 198906063),
(6489649104, 198906174, '2023-10-20 09:15:00', 'Abdominal Pain', 'Tenderness', 'Ulcer', 'Gastrointestinal', 198906064),
(6489649105, 198906175, '2023-10-22 11:00:00', 'Fever, Cough', 'Elevated Temperature', 'Influenza', 'Infectious', 198906065),
(6489649106, 198906176, '2023-10-24 13:30:00', 'Dizziness', 'Low BP', 'Hypotension', 'Cardiovascular', 198906066),
(6489649107, 198906177, '2023-10-26 15:00:00', 'Rash', 'Skin Irritation', 'Eczema', 'Dermatological', 198906067),
(6489649108, 198906178, '2023-10-28 09:00:00', 'Headache', 'Normal Findings', 'No Issues, Needs Rest', 'None', 198906068),
(6489649109, 198906179, '2023-10-30 10:30:00', 'Sore Throat', 'Red Throat', 'Tonsillitis', 'Infectious', 198906069),
(6489649110, 198906180, '2023-11-01 12:00:00', 'Fatigue', 'Low Iron', 'Anemia', 'Hematological', 198906070),
(6489649111, 198906181, '2023-11-03 14:15:00', 'Fever, Chills', 'Elevated Temperature', 'Dengue Fever', 'Infectious', 198906071),
(6489649112, 198906182, '2023-11-05 16:00:00', 'Headache', 'Elevated BP', 'Hypertension', 'Cardiovascular', 198906072),
(6489649113, 198906183, '2023-11-07 09:00:00', 'Rash', 'Itching', 'Psoriasis', 'Dermatological', 198906073),
(6489649114, 198906184, '2023-11-09 11:30:00', 'Cough', 'Normal Lungs', 'No Issues, Needs Rest', 'None', 198906044),
(6489649115, 198906185, '2023-11-11 13:00:00', 'Sore Throat', 'Red Throat', 'Pharyngitis', 'Infectious', 198906045),
(6489649116, 198906186, '2023-11-13 15:45:00', 'Fatigue', 'Normal BP', 'Chronic Fatigue Syndrome', 'Neurological', 198906046),
(6489649117, 198906187, '2023-11-15 09:15:00', 'Abdominal Pain', 'Tenderness', 'Gastritis', 'Gastrointestinal', 198906047),
(6489649118, 198906188, '2023-11-17 11:00:00', 'Fever, Cough', 'Elevated Temperature', 'Pneumonia', 'Infectious', 198906048),
(6489649119, 198906189, '2023-11-19 13:30:00', 'Dizziness', 'Low BP', 'Dehydration', 'Metabolic', 198906049),
(6489649120, 198906190, '2023-11-21 15:00:00', 'Rash', 'Skin Irritation', 'Eczema', 'Dermatological', 198906050),
(6489649121, 198906191, '2023-11-23 09:00:00', 'Headache', 'Normal Findings', 'No Issues, Needs Rest', 'None', 198906051),
(6489649122, 198906192, '2023-11-25 10:30:00', 'Sore Throat', 'Red Throat', 'Strep Throat', 'Infectious', 198906052),
(6489649123, 198906193, '2023-11-27 12:00:00', 'Fatigue', 'Low Iron', 'Anemia', 'Hematological', 198906053),
(6489649124, 198906194, '2023-11-29 14:15:00', 'Fever, Chills', 'Elevated Temperature', 'Malaria', 'Infectious', 198906054),
(6489649125, 198906195, '2023-12-01 16:00:00', 'Headache', 'Elevated BP', 'Hypertension', 'Cardiovascular', 198906055),
(6489649126, 198906196, '2023-12-03 09:00:00', 'Rash', 'Itching', 'Contact Dermatitis', 'Dermatological', 198906056),
(6489649127, 198906197, '2023-12-05 11:30:00', 'Cough', 'Normal Lungs', 'No Issues, Needs Rest', 'None', 198906057),
(6489649128, 198906198, '2023-12-07 13:00:00', 'Sore Throat', 'Red Throat', 'Pharyngitis', 'Infectious', 198906058),
(6489649129, 198906199, '2023-12-09 15:45:00', 'Fatigue', 'Normal BP', 'Chronic Fatigue Syndrome', 'Neurological', 198906059),
(6489649130, 198906200, '2023-12-11 09:15:00', 'Abdominal Pain', 'Tenderness', 'Ulcer', 'Gastrointestinal', 198906060),
(6489649131, 198906201, '2023-12-13 11:00:00', 'Fever, Cough', 'Elevated Temperature', 'Influenza', 'Infectious', 198906061),
(6489649132, 198906202, '2023-12-15 13:30:00', 'Dizziness', 'Low BP', 'Hypotension', 'Cardiovascular', 198906062),
(6489649133, 198906203, '2023-12-17 15:00:00', 'Rash', 'Skin Irritation', 'Eczema', 'Dermatological', 198906063),
(6489649134, 198906204, '2023-12-19 09:00:00', 'Headache', 'Normal Findings', 'No Issues, Needs Rest', 'None', 198906064),
(6489649135, 198906205, '2023-12-21 10:30:00', 'Sore Throat', 'Red Throat', 'Tonsillitis', 'Infectious', 198906065),
(6489649136, 198906206, '2023-12-23 12:00:00', 'Fatigue', 'Low Iron', 'Anemia', 'Hematological', 198906066),
(6489649137, 198906207, '2023-12-25 14:15:00', 'Fever, Chills', 'Elevated Temperature', 'Dengue Fever', 'Infectious', 198906067),
(6489649138, 198906208, '2023-12-27 16:00:00', 'Headache', 'Elevated BP', 'Hypertension', 'Cardiovascular', 198906068),
(6489649139, 198906209, '2023-12-29 09:00:00', 'Rash', 'Itching', 'Psoriasis', 'Dermatological', 198906069),
(6489649140, 198906210, '2023-12-31 11:30:00', 'Cough', 'Normal Lungs', 'No Issues, Needs Rest', 'None', 198906070),
(6489649141, 198906211, '2024-01-02 13:00:00', 'Sore Throat', 'Red Throat', 'Pharyngitis', 'Infectious', 198906071),
(6489649142, 198906212, '2024-01-04 15:45:00', 'Fatigue', 'Normal BP', 'Chronic Fatigue Syndrome', 'Neurological', 198906072),
(6489649143, 198906213, '2024-01-06 09:15:00', 'Abdominal Pain', 'Tenderness', 'Gastritis', 'Gastrointestinal', 198906073),
(6489649144, 198906214, '2024-01-08 11:00:00', 'Fever, Cough', 'Elevated Temperature', 'Pneumonia', 'Infectious', 198906044),
(6489649145, 198906215, '2024-01-10 13:30:00', 'Dizziness', 'Low BP', 'Dehydration', 'Metabolic', 198906045),
(6489649146, 198906216, '2024-01-12 15:00:00', 'Rash', 'Skin Irritation', 'Eczema', 'Dermatological', 198906046),
(6489649147, 198906217, '2024-01-14 09:00:00', 'Headache', 'Normal Findings', 'No Issues, Needs Rest', 'None', 198906047),
(6489649148, 198906218, '2024-01-16 10:30:00', 'Sore Throat', 'Red Throat', 'Strep Throat', 'Infectious', 198906048),
(6489649149, 198906219, '2024-01-18 12:00:00', 'Fatigue', 'Low Iron', 'Anemia', 'Hematological', 198906049),
(6489649150, 198906220, '2024-01-20 14:15:00', 'Fever, Chills', 'Elevated Temperature', 'Malaria', 'Infectious', 198906050),
(6489649151, 198906221, '2024-01-22 16:00:00', 'Headache', 'Elevated BP', 'Hypertension', 'Cardiovascular', 198906051),
(6489649152, 198906222, '2024-01-24 09:00:00', 'Rash', 'Itching', 'Contact Dermatitis', 'Dermatological', 198906052),
(6489649153, 198906223, '2024-01-26 11:30:00', 'Cough', 'Normal Lungs', 'No Issues, Needs Rest', 'None', 198906053),
(6489649154, 198906224, '2024-01-28 13:00:00', 'Sore Throat', 'Red Throat', 'Pharyngitis', 'Infectious', 198906054),
(6489649155, 198906225, '2024-01-30 15:45:00', 'Fatigue', 'Normal BP', 'Chronic Fatigue Syndrome', 'Neurological', 198906055),
(6489649156, 198906226, '2024-02-01 09:15:00', 'Abdominal Pain', 'Tenderness', 'Ulcer', 'Gastrointestinal', 198906056),
(6489649157, 198906227, '2024-02-03 11:00:00', 'Fever, Cough', 'Elevated Temperature', 'Influenza', 'Infectious', 198906057),
(6489649158, 198906228, '2024-02-05 13:30:00', 'Dizziness', 'Low BP', 'Hypotension', 'Cardiovascular', 198906058),
(6489649159, 198906229, '2024-02-07 15:00:00', 'Rash', 'Skin Irritation', 'Eczema', 'Dermatological', 198906059),
(6489649160, 198906230, '2024-02-09 09:00:00', 'Headache', 'Normal Findings', 'No Issues, Needs Rest', 'None', 198906060),
(6489649161, 198906231, '2024-02-11 10:30:00', 'Sore Throat', 'Red Throat', 'Tonsillitis', 'Infectious', 198906061),
(6489649162, 198906232, '2024-02-13 12:00:00', 'Fatigue', 'Low Iron', 'Anemia', 'Hematological', 198906062),
(6489649163, 198906233, '2024-02-15 14:15:00', 'Fever, Chills', 'Elevated Temperature', 'Dengue Fever', 'Infectious', 198906063),
(6489649164, 198906134, '2024-02-17 16:00:00', 'Headache', 'Elevated BP', 'Hypertension', 'Cardiovascular', 198906064),
(6489649165, 198906135, '2024-02-19 09:00:00', 'Rash', 'Itching', 'Psoriasis', 'Dermatological', 198906065),
(6489649166, 198906136, '2024-02-21 11:30:00', 'Cough', 'Normal Lungs', 'No Issues, Needs Rest', 'None', 198906066),
(6489649167, 198906137, '2024-02-23 13:00:00', 'Sore Throat', 'Red Throat', 'Pharyngitis', 'Infectious', 198906067),
(6489649168, 198906138, '2024-02-25 15:45:00', 'Fatigue', 'Normal BP', 'Chronic Fatigue Syndrome', 'Neurological', 198906068),
(6489649169, 198906139, '2024-02-27 09:15:00', 'Abdominal Pain', 'Tenderness', 'Gastritis', 'Gastrointestinal', 198906069),
(6489649170, 198906140, '2024-03-01 11:00:00', 'Fever, Cough', 'Elevated Temperature', 'Pneumonia', 'Infectious', 198906070),
(6489649171, 198906141, '2024-03-03 13:30:00', 'Dizziness', 'Low BP', 'Dehydration', 'Metabolic', 198906071),
(6489649172, 198906142, '2024-03-05 15:00:00', 'Rash', 'Skin Irritation', 'Eczema', 'Dermatological', 198906072),
(6489649173, 198906143, '2024-03-07 09:00:00', 'Headache', 'Normal Findings', 'No Issues, Needs Rest', 'None', 198906073),
(6489649174, 198906144, '2024-03-09 10:30:00', 'Sore Throat', 'Red Throat', 'Strep Throat', 'Infectious', 198906044),
(6489649175, 198906145, '2024-03-11 12:00:00', 'Fatigue', 'Low Iron', 'Anemia', 'Hematological', 198906045),
(6489649176, 198906146, '2024-03-13 14:15:00', 'Fever, Chills', 'Elevated Temperature', 'Malaria', 'Infectious', 198906046),
(6489649177, 198906147, '2024-03-15 16:00:00', 'Headache', 'Elevated BP', 'Hypertension', 'Cardiovascular', 198906047),
(6489649178, 198906148, '2024-03-17 09:00:00', 'Rash', 'Itching', 'Contact Dermatitis', 'Dermatological', 198906048),
(6489649179, 198906149, '2024-03-19 11:30:00', 'Cough', 'Normal Lungs', 'No Issues, Needs Rest', 'None', 198906049),
(6489649180, 198906150, '2024-03-21 13:00:00', 'Sore Throat', 'Red Throat', 'Pharyngitis', 'Infectious', 198906050),
(6489649181, 198906151, '2024-03-23 15:45:00', 'Fatigue', 'Normal BP', 'Chronic Fatigue Syndrome', 'Neurological', 198906051),
(6489649182, 198906152, '2024-03-25 09:15:00', 'Abdominal Pain', 'Tenderness', 'Ulcer', 'Gastrointestinal', 198906052),
(6489649183, 198906153, '2024-03-27 11:00:00', 'Fever, Cough', 'Elevated Temperature', 'Influenza', 'Infectious', 198906053),
(6489649184, 198906154, '2024-03-29 13:30:00', 'Dizziness', 'Low BP', 'Hypotension', 'Cardiovascular', 198906054),
(6489649185, 198906155, '2024-03-31 15:00:00', 'Rash', 'Skin Irritation', 'Eczema', 'Dermatological', 198906055),
(6489649186, 198906156, '2024-04-02 09:00:00', 'Headache', 'Normal Findings', 'No Issues, Needs Rest', 'None', 198906056),
(6489649187, 198906157, '2024-04-04 10:30:00', 'Sore Throat', 'Red Throat', 'Tonsillitis', 'Infectious', 198906057),
(6489649188, 198906158, '2024-04-06 12:00:00', 'Fatigue', 'Low Iron', 'Anemia', 'Hematological', 198906058),
(6489649189, 198906159, '2024-04-08 14:15:00', 'Fever, Chills', 'Elevated Temperature', 'Dengue Fever', 'Infectious', 198906059),
(6489649190, 198906160, '2024-04-10 16:00:00', 'Headache', 'Elevated BP', 'Hypertension', 'Cardiovascular', 198906060),
(6489649191, 198906161, '2024-04-12 09:00:00', 'Rash', 'Itching', 'Psoriasis', 'Dermatological', 198906061),
(6489649192, 198906162, '2024-04-14 11:30:00', 'Cough', 'Normal Lungs', 'No Issues, Needs Rest', 'None', 198906062),
(6489649193, 198906163, '2024-04-16 13:00:00', 'Sore Throat', 'Red Throat', 'Pharyngitis', 'Infectious', 198906063),
(6489649194, 198906164, '2024-04-18 15:45:00', 'Fatigue', 'Normal BP', 'Chronic Fatigue Syndrome', 'Neurological', 198906064),
(6489649195, 198906165, '2024-04-20 09:15:00', 'Abdominal Pain', 'Tenderness', 'Gastritis', 'Gastrointestinal', 198906065),
(6489649196, 198906166, '2024-04-22 11:00:00', 'Fever, Cough', 'Elevated Temperature', 'Pneumonia', 'Infectious', 198906066),
(6489649197, 198906167, '2024-04-24 13:30:00', 'Dizziness', 'Low BP', 'Dehydration', 'Metabolic', 198906067),
(6489649198, 198906168, '2024-04-26 15:00:00', 'Rash', 'Skin Irritation', 'Eczema', 'Dermatological', 198906068),
(6489649199, 198906169, '2024-04-28 09:00:00', 'Headache', 'Normal Findings', 'No Issues, Needs Rest', 'None', 198906069),
(6489649200, 198906170, '2024-04-30 10:30:00', 'Sore Throat', 'Red Throat', 'Strep Throat', 'Infectious', 198906070),
(6489649201, 198906171, '2024-05-02 12:00:00', 'Fatigue', 'Low Iron', 'Anemia', 'Hematological', 198906071),
(6489649202, 198906172, '2024-05-04 14:15:00', 'Fever, Chills', 'Elevated Temperature', 'Malaria', 'Infectious', 198906072),
(6489649203, 198906173, '2024-05-06 16:00:00', 'Headache', 'Elevated BP', 'Hypertension', 'Cardiovascular', 198906073),
(6489649204, 198906174, '2024-05-08 09:00:00', 'Rash', 'Itching', 'Contact Dermatitis', 'Dermatological', 198906044),
(6489649205, 198906175, '2024-05-10 11:30:00', 'Cough', 'Normal Lungs', 'No Issues, Needs Rest', 'None', 198906045),
(6489649206, 198906176, '2024-05-12 13:00:00', 'Sore Throat', 'Red Throat', 'Pharyngitis', 'Infectious', 198906046),
(6489649207, 198906177, '2024-05-14 15:45:00', 'Fatigue', 'Normal BP', 'Chronic Fatigue Syndrome', 'Neurological', 198906047),
(6489649208, 198906178, '2024-05-16 09:15:00', 'Abdominal Pain', 'Tenderness', 'Ulcer', 'Gastrointestinal', 198906048),
(6489649209, 198906179, '2024-05-18 11:00:00', 'Fever, Cough', 'Elevated Temperature', 'Influenza', 'Infectious', 198906049),
(6489649210, 198906180, '2024-05-20 13:30:00', 'Dizziness', 'Low BP', 'Hypotension', 'Cardiovascular', 198906050),
(6489649211, 198906181, '2024-05-22 15:00:00', 'Rash', 'Skin Irritation', 'Eczema', 'Dermatological', 198906051),
(6489649212, 198906182, '2024-05-24 09:00:00', 'Headache', 'Normal Findings', 'No Issues, Needs Rest', 'None', 198906052),
(6489649213, 198906183, '2024-05-26 10:30:00', 'Sore Throat', 'Red Throat', 'Tonsillitis', 'Infectious', 198906053),
(6489649214, 198906184, '2024-05-28 12:00:00', 'Fatigue', 'Low Iron', 'Anemia', 'Hematological', 198906054),
(6489649215, 198906185, '2024-05-30 14:15:00', 'Fever, Chills', 'Elevated Temperature', 'Dengue Fever', 'Infectious', 198906055),
(6489649216, 198906186, '2024-06-01 16:00:00', 'Headache', 'Elevated BP', 'Hypertension', 'Cardiovascular', 198906056),
(6489649217, 198906187, '2024-06-03 09:00:00', 'Rash', 'Itching', 'Psoriasis', 'Dermatological', 198906057),
(6489649218, 198906188, '2024-06-05 11:30:00', 'Cough', 'Normal Lungs', 'No Issues, Needs Rest', 'None', 198906058),
(6489649219, 198906189, '2024-06-07 13:00:00', 'Sore Throat', 'Red Throat', 'Pharyngitis', 'Infectious', 198906059),
(6489649220, 198906190, '2024-06-09 15:45:00', 'Fatigue', 'Normal BP', 'Chronic Fatigue Syndrome', 'Neurological', 198906060),
(6489649221, 198906191, '2024-06-11 09:15:00', 'Abdominal Pain', 'Tenderness', 'Gastritis', 'Gastrointestinal', 198906061),
(6489649222, 198906192, '2024-06-13 11:00:00', 'Fever, Cough', 'Elevated Temperature', 'Pneumonia', 'Infectious', 198906062),
(6489649223, 198906193, '2024-06-15 13:30:00', 'Dizziness', 'Low BP', 'Dehydration', 'Metabolic', 198906063),
(6489649224, 198906194, '2024-06-17 15:00:00', 'Rash', 'Skin Irritation', 'Eczema', 'Dermatological', 198906064),
(6489649225, 198906195, '2024-06-19 09:00:00', 'Headache', 'Normal Findings', 'No Issues, Needs Rest', 'None', 198906065),
(6489649226, 198906196, '2024-06-21 10:30:00', 'Sore Throat', 'Red Throat', 'Strep Throat', 'Infectious', 198906066),
(6489649227, 198906197, '2024-06-23 12:00:00', 'Fatigue', 'Low Iron', 'Anemia', 'Hematological', 198906067),
(6489649228, 198906198, '2024-06-25 14:15:00', 'Fever, Chills', 'Elevated Temperature', 'Malaria', 'Infectious', 198906068),
(6489649229, 198906199, '2024-06-27 16:00:00', 'Headache', 'Elevated BP', 'Hypertension', 'Cardiovascular', 198906069),
(6489649230, 198906200, '2024-06-29 09:00:00', 'Rash', 'Itching', 'Contact Dermatitis', 'Dermatological', 198906070),
(6489649231, 198906201, '2024-07-01 11:30:00', 'Cough', 'Normal Lungs', 'No Issues, Needs Rest', 'None', 198906071),
(6489649232, 198906202, '2024-07-03 13:00:00', 'Sore Throat', 'Red Throat', 'Pharyngitis', 'Infectious', 198906072),
(6489649233, 198906203, '2024-07-05 15:45:00', 'Fatigue', 'Normal BP', 'Chronic Fatigue Syndrome', 'Neurological', 198906073),
(6489649234, 198906204, '2024-07-07 09:15:00', 'Abdominal Pain', 'Tenderness', 'Ulcer', 'Gastrointestinal', 198906044),
(6489649235, 198906205, '2024-07-09 11:00:00', 'Fever, Cough', 'Elevated Temperature', 'Influenza', 'Infectious', 198906045),
(6489649236, 198906206, '2024-07-11 13:30:00', 'Dizziness', 'Low BP', 'Hypotension', 'Cardiovascular', 198906046),
(6489649237, 198906207, '2024-07-13 15:00:00', 'Rash', 'Skin Irritation', 'Eczema', 'Dermatological', 198906047),
(6489649238, 198906208, '2024-07-15 09:00:00', 'Headache', 'Normal Findings', 'No Issues, Needs Rest', 'None', 198906048),
(6489649239, 198906209, '2024-07-17 10:30:00', 'Sore Throat', 'Red Throat', 'Tonsillitis', 'Infectious', 198906049),
(6489649240, 198906210, '2024-07-19 12:00:00', 'Fatigue', 'Low Iron', 'Anemia', 'Hematological', 198906050),
(6489649241, 198906211, '2024-07-21 14:15:00', 'Fever, Chills', 'Elevated Temperature', 'Dengue Fever', 'Infectious', 198906051),
(6489649242, 198906212, '2024-07-23 16:00:00', 'Headache', 'Elevated BP', 'Hypertension', 'Cardiovascular', 198906052),
(6489649243, 198906213, '2024-07-25 09:00:00', 'Rash', 'Itching', 'Psoriasis', 'Dermatological', 198906053),
(6489649244, 198906214, '2024-07-27 11:30:00', 'Cough', 'Normal Lungs', 'No Issues, Needs Rest', 'None', 198906054),
(6489649245, 198906215, '2024-07-29 13:00:00', 'Sore Throat', 'Red Throat', 'Pharyngitis', 'Infectious', 198906055),
(6489649246, 198906216, '2024-07-31 15:45:00', 'Fatigue', 'Normal BP', 'Chronic Fatigue Syndrome', 'Neurological', 198906056),
(6489649247, 198906217, '2024-08-02 09:15:00', 'Abdominal Pain', 'Tenderness', 'Gastritis', 'Gastrointestinal', 198906057),
(6489649248, 198906218, '2024-08-04 11:00:00', 'Fever, Cough', 'Elevated Temperature', 'Pneumonia', 'Infectious', 198906058),
(6489649249, 198906219, '2024-08-06 13:30:00', 'Dizziness', 'Low BP', 'Dehydration', 'Metabolic', 198906059),
(6489649250, 198906220, '2024-08-08 15:00:00', 'Rash', 'Skin Irritation', 'Eczema', 'Dermatological', 198906060),
(6489649251, 198906221, '2024-08-10 09:00:00', 'Headache', 'Normal Findings', 'No Issues, Needs Rest', 'None', 198906061),
(6489649252, 198906222, '2024-08-12 10:30:00', 'Sore Throat', 'Red Throat', 'Strep Throat', 'Infectious', 198906062),
(6489649253, 198906223, '2024-08-14 12:00:00', 'Fatigue', 'Low Iron', 'Anemia', 'Hematological', 198906063),
(6489649254, 198906224, '2024-08-16 14:15:00', 'Fever, Chills', 'Elevated Temperature', 'Malaria', 'Infectious', 198906064),
(6489649255, 198906225, '2024-08-18 16:00:00', 'Headache', 'Elevated BP', 'Hypertension', 'Cardiovascular', 198906065),
(6489649256, 198906226, '2024-06-21 09:00:00', 'Headache', 'Normal Findings', 'No Issues, Needs Rest', 'None', 198906066),
(6489649257, 198906227, '2024-06-23 10:30:00', 'Sore Throat', 'Red Throat', 'Tonsillitis', 'Infectious', 198906067),
(6489649258, 198906228, '2024-06-25 12:00:00', 'Fatigue', 'Low Iron', 'Anemia', 'Hematological', 198906068),
(6489649259, 198906229, '2024-06-27 14:15:00', 'Fever, Chills', 'Elevated Temperature', 'Dengue Fever', 'Infectious', 198906069),
(6489649260, 198906230, '2024-06-29 16:00:00', 'Headache', 'Elevated BP', 'Hypertension', 'Cardiovascular', 198906070),
(6489649261, 198906231, '2024-07-01 09:00:00', 'Rash', 'Itching', 'Psoriasis', 'Dermatological', 198906071),
(6489649262, 198906232, '2024-07-03 11:30:00', 'Cough', 'Normal Lungs', 'No Issues, Needs Rest', 'None', 198906072),
(6489649263, 198906233, '2024-07-05 13:00:00', 'Sore Throat', 'Red Throat', 'Pharyngitis', 'Infectious', 198906073),
(6489649264, 198906134, '2024-07-07 15:45:00', 'Fatigue', 'Normal BP', 'Chronic Fatigue Syndrome', 'Neurological', 198906044),
(6489649265, 198906135, '2024-07-09 09:15:00', 'Abdominal Pain', 'Tenderness', 'Gastritis', 'Gastrointestinal', 198906045),
(6489649266, 198906136, '2024-07-11 11:00:00', 'Fever, Cough', 'Elevated Temperature', 'Pneumonia', 'Infectious', 198906046),
(6489649267, 198906137, '2024-07-13 13:30:00', 'Dizziness', 'Low BP', 'Dehydration', 'Metabolic', 198906047),
(6489649268, 198906138, '2024-07-15 15:00:00', 'Rash', 'Skin Irritation', 'Eczema', 'Dermatological', 198906048),
(6489649269, 198906139, '2024-07-17 09:00:00', 'Headache', 'Normal Findings', 'No Issues, Needs Rest', 'None', 198906049),
(6489649270, 198906140, '2024-07-19 10:30:00', 'Sore Throat', 'Red Throat', 'Strep Throat', 'Infectious', 198906050),
(6489649271, 198906141, '2024-07-21 12:00:00', 'Fatigue', 'Low Iron', 'Anemia', 'Hematological', 198906051),
(6489649272, 198906142, '2024-07-23 14:15:00', 'Fever, Chills', 'Elevated Temperature', 'Malaria', 'Infectious', 198906052),
(6489649273, 198906143, '2024-07-25 16:00:00', 'Headache', 'Elevated BP', 'Hypertension', 'Cardiovascular', 198906053),
(6489649274, 198906144, '2024-07-27 09:00:00', 'Rash', 'Itching', 'Contact Dermatitis', 'Dermatological', 198906054),
(6489649275, 198906145, '2024-07-29 11:30:00', 'Cough', 'Normal Lungs', 'No Issues, Needs Rest', 'None', 198906055),
(6489649276, 198906146, '2024-07-31 13:00:00', 'Sore Throat', 'Red Throat', 'Pharyngitis', 'Infectious', 198906056),
(6489649277, 198906147, '2024-08-02 15:45:00', 'Fatigue', 'Normal BP', 'Chronic Fatigue Syndrome', 'Neurological', 198906057),
(6489649278, 198906148, '2024-08-04 09:15:00', 'Abdominal Pain', 'Tenderness', 'Ulcer', 'Gastrointestinal', 198906058),
(6489649279, 198906149, '2024-08-06 11:00:00', 'Fever, Cough', 'Elevated Temperature', 'Influenza', 'Infectious', 198906059),
(6489649280, 198906150, '2024-08-08 13:30:00', 'Dizziness', 'Low BP', 'Hypotension', 'Cardiovascular', 198906060),
(6489649281, 198906151, '2024-08-10 15:00:00', 'Rash', 'Skin Irritation', 'Eczema', 'Dermatological', 198906061),
(6489649282, 198906152, '2024-08-12 09:00:00', 'Headache', 'Normal Findings', 'No Issues, Needs Rest', 'None', 198906062),
(6489649283, 198906153, '2024-08-14 10:30:00', 'Sore Throat', 'Red Throat', 'Tonsillitis', 'Infectious', 198906063),
(6489649284, 198906154, '2024-08-16 12:00:00', 'Fatigue', 'Low Iron', 'Anemia', 'Hematological', 198906064),
(6489649285, 198906155, '2024-08-18 14:15:00', 'Fever, Chills', 'Elevated Temperature', 'Dengue Fever', 'Infectious', 198906065),
(6489649286, 198906156, '2024-08-20 16:00:00', 'Headache', 'Elevated BP', 'Hypertension', 'Cardiovascular', 198906066),
(6489649287, 198906157, '2024-08-22 09:00:00', 'Rash', 'Itching', 'Psoriasis', 'Dermatological', 198906067),
(6489649288, 198906158, '2024-08-24 11:30:00', 'Cough', 'Normal Lungs', 'No Issues, Needs Rest', 'None', 198906068),
(6489649289, 198906159, '2024-08-26 13:00:00', 'Sore Throat', 'Red Throat', 'Pharyngitis', 'Infectious', 198906069),
(6489649290, 198906160, '2024-08-28 15:45:00', 'Fatigue', 'Normal BP', 'Chronic Fatigue Syndrome', 'Neurological', 198906070),
(6489649291, 198906161, '2024-08-30 09:15:00', 'Abdominal Pain', 'Tenderness', 'Gastritis', 'Gastrointestinal', 198906071),
(6489649292, 198906162, '2024-09-01 11:00:00', 'Fever, Cough', 'Elevated Temperature', 'Pneumonia', 'Infectious', 198906072),
(6489649293, 198906163, '2024-09-03 13:30:00', 'Dizziness', 'Low BP', 'Dehydration', 'Metabolic', 198906073),
(6489649294, 198906164, '2024-09-05 15:00:00', 'Rash', 'Skin Irritation', 'Eczema', 'Dermatological', 198906044),
(6489649295, 198906165, '2024-09-07 09:00:00', 'Headache', 'Normal Findings', 'No Issues, Needs Rest', 'None', 198906045),
(6489649296, 198906166, '2024-09-09 10:30:00', 'Sore Throat', 'Red Throat', 'Strep Throat', 'Infectious', 198906046),
(6489649297, 198906167, '2024-09-11 12:00:00', 'Fatigue', 'Low Iron', 'Anemia', 'Hematological', 198906047),
(6489649298, 198906168, '2024-09-13 14:15:00', 'Fever, Chills', 'Elevated Temperature', 'Malaria', 'Infectious', 198906048),
(6489649299, 198906169, '2024-09-15 16:00:00', 'Headache', 'Elevated BP', 'Hypertension', 'Cardiovascular', 198906049),
(6489649300, 198906170, '2024-09-17 09:00:00', 'Rash', 'Itching', 'Contact Dermatitis', 'Dermatological', 198906050),
(6489649301, 198906171, '2024-09-19 11:30:00', 'Cough', 'Normal Lungs', 'No Issues, Needs Rest', 'None', 198906051),
(6489649302, 198906172, '2024-09-21 13:00:00', 'Sore Throat', 'Red Throat', 'Pharyngitis', 'Infectious', 198906052),
(6489649303, 198906173, '2024-09-23 15:45:00', 'Fatigue', 'Normal BP', 'Chronic Fatigue Syndrome', 'Neurological', 198906053),
(6489649304, 198906174, '2024-09-25 09:15:00', 'Abdominal Pain', 'Tenderness', 'Ulcer', 'Gastrointestinal', 198906054),
(6489649305, 198906175, '2024-09-27 11:00:00', 'Fever, Cough', 'Elevated Temperature', 'Influenza', 'Infectious', 198906055),
(6489649306, 198906176, '2024-09-29 13:30:00', 'Dizziness', 'Low BP', 'Hypotension', 'Cardiovascular', 198906056),
(6489649307, 198906177, '2024-10-01 15:00:00', 'Rash', 'Skin Irritation', 'Eczema', 'Dermatological', 198906057),
(6489649308, 198906178, '2024-10-03 09:00:00', 'Headache', 'Normal Findings', 'No Issues, Needs Rest', 'None', 198906058),
(6489649309, 198906179, '2024-10-05 10:30:00', 'Sore Throat', 'Red Throat', 'Tonsillitis', 'Infectious', 198906059),
(6489649310, 198906180, '2024-10-07 12:00:00', 'Fatigue', 'Low Iron', 'Anemia', 'Hematological', 198906060),
(6489649311, 198906181, '2024-10-09 14:15:00', 'Fever, Chills', 'Elevated Temperature', 'Dengue Fever', 'Infectious', 198906061),
(6489649312, 198906182, '2024-10-11 16:00:00', 'Headache', 'Elevated BP', 'Hypertension', 'Cardiovascular', 198906062),
(6489649313, 198906183, '2024-10-13 09:00:00', 'Rash', 'Itching', 'Psoriasis', 'Dermatological', 198906063),
(6489649314, 198906184, '2024-10-15 11:30:00', 'Cough', 'Normal Lungs', 'No Issues, Needs Rest', 'None', 198906064),
(6489649315, 198906185, '2024-10-17 13:00:00', 'Sore Throat', 'Red Throat', 'Pharyngitis', 'Infectious', 198906065),
(6489649316, 198906186, '2024-10-19 15:45:00', 'Fatigue', 'Normal BP', 'Chronic Fatigue Syndrome', 'Neurological', 198906066),
(6489649317, 198906187, '2024-10-21 09:15:00', 'Abdominal Pain', 'Tenderness', 'Gastritis', 'Gastrointestinal', 198906067),
(6489649318, 198906188, '2024-10-23 11:00:00', 'Fever, Cough', 'Elevated Temperature', 'Pneumonia', 'Infectious', 198906068),
(6489649319, 198906189, '2024-10-25 13:30:00', 'Dizziness', 'Low BP', 'Dehydration', 'Metabolic', 198906069),
(6489649320, 198906190, '2024-10-27 15:00:00', 'Rash', 'Skin Irritation', 'Eczema', 'Dermatological', 198906070),
(6489649321, 198906191, '2024-10-29 09:00:00', 'Headache', 'Normal Findings', 'No Issues, Needs Rest', 'None', 198906071),
(6489649322, 198906192, '2024-10-31 10:30:00', 'Sore Throat', 'Red Throat', 'Strep Throat', 'Infectious', 198906072),
(6489649323, 198906193, '2024-11-02 12:00:00', 'Fatigue', 'Low Iron', 'Anemia', 'Hematological', 198906073),
(6489649324, 198906194, '2024-11-04 14:15:00', 'Fever, Chills', 'Elevated Temperature', 'Malaria', 'Infectious', 198906044),
(6489649325, 198906195, '2024-11-06 16:00:00', 'Headache', 'Elevated BP', 'Hypertension', 'Cardiovascular', 198906045),
(6489649326, 198906196, '2024-11-08 09:00:00', 'Rash', 'Itching', 'Contact Dermatitis', 'Dermatological', 198906046),
(6489649327, 198906197, '2024-11-10 11:30:00', 'Cough', 'Normal Lungs', 'No Issues, Needs Rest', 'None', 198906047),
(6489649328, 198906198, '2024-11-12 13:00:00', 'Sore Throat', 'Red Throat', 'Pharyngitis', 'Infectious', 198906048),
(6489649329, 198906199, '2024-11-14 15:45:00', 'Fatigue', 'Normal BP', 'Chronic Fatigue Syndrome', 'Neurological', 198906049),
(6489649330, 198906200, '2024-11-16 09:15:00', 'Abdominal Pain', 'Tenderness', 'Ulcer', 'Gastrointestinal', 198906050),
(6489649331, 198906201, '2024-11-18 11:00:00', 'Fever, Cough', 'Elevated Temperature', 'Influenza', 'Infectious', 198906051),
(6489649332, 198906202, '2024-11-20 13:30:00', 'Dizziness', 'Low BP', 'Hypotension', 'Cardiovascular', 198906052),
(6489649333, 198906203, '2024-11-22 15:00:00', 'Rash', 'Skin Irritation', 'Eczema', 'Dermatological', 198906053),
(6489649334, 198906204, '2024-11-24 09:00:00', 'Headache', 'Normal Findings', 'No Issues, Needs Rest', 'None', 198906054),
(6489649335, 198906205, '2024-11-26 10:30:00', 'Sore Throat', 'Red Throat', 'Tonsillitis', 'Infectious', 198906055),
(6489649336, 198906206, '2024-11-28 12:00:00', 'Fatigue', 'Low Iron', 'Anemia', 'Hematological', 198906056),
(6489649337, 198906207, '2024-11-30 14:15:00', 'Fever, Chills', 'Elevated Temperature', 'Dengue Fever', 'Infectious', 198906057),
(6489649338, 198906208, '2024-12-02 16:00:00', 'Headache', 'Elevated BP', 'Hypertension', 'Cardiovascular', 198906058),
(6489649339, 198906209, '2024-12-04 09:00:00', 'Rash', 'Itching', 'Psoriasis', 'Dermatological', 198906059),
(6489649340, 198906210, '2024-12-06 11:30:00', 'Cough', 'Normal Lungs', 'No Issues, Needs Rest', 'None', 198906060),
(6489649341, 198906211, '2024-12-08 13:00:00', 'Sore Throat', 'Red Throat', 'Pharyngitis', 'Infectious', 198906061),
(6489649342, 198906212, '2024-12-10 15:45:00', 'Fatigue', 'Normal BP', 'Chronic Fatigue Syndrome', 'Neurological', 198906062),
(6489649343, 198906213, '2024-12-12 09:15:00', 'Abdominal Pain', 'Tenderness', 'Gastritis', 'Gastrointestinal', 198906063),
(6489649344, 198906214, '2024-12-14 11:00:00', 'Fever, Cough', 'Elevated Temperature', 'Pneumonia', 'Infectious', 198906064),
(6489649345, 198906215, '2024-12-16 13:30:00', 'Dizziness', 'Low BP', 'Dehydration', 'Metabolic', 198906065),
(6489649346, 198906216, '2024-12-18 15:00:00', 'Rash', 'Skin Irritation', 'Eczema', 'Dermatological', 198906066),
(6489649347, 198906217, '2024-12-20 09:00:00', 'Headache', 'Normal Findings', 'No Issues, Needs Rest', 'None', 198906067),
(6489649348, 198906218, '2024-12-22 10:30:00', 'Sore Throat', 'Red Throat', 'Strep Throat', 'Infectious', 198906068),
(6489649349, 198906219, '2024-12-24 12:00:00', 'Fatigue', 'Low Iron', 'Anemia', 'Hematological', 198906069),
(6489649350, 198906220, '2024-12-26 14:15:00', 'Fever, Chills', 'Elevated Temperature', 'Malaria', 'Infectious', 198906070),
(6489649351, 198906221, '2024-12-28 16:00:00', 'Headache', 'Elevated BP', 'Hypertension', 'Cardiovascular', 198906071),
(6489649352, 198906222, '2024-12-30 09:00:00', 'Rash', 'Itching', 'Contact Dermatitis', 'Dermatological', 198906072),
(6489649353, 198906223, '2025-01-01 11:30:00', 'Cough', 'Normal Lungs', 'No Issues, Needs Rest', 'None', 198906073),
(6489649354, 198906224, '2025-01-03 13:00:00', 'Sore Throat', 'Red Throat', 'Pharyngitis', 'Infectious', 198906044),
(6489649355, 198906225, '2025-01-05 15:45:00', 'Fatigue', 'Normal BP', 'Chronic Fatigue Syndrome', 'Neurological', 198906045),
(6489649356, 198906226, '2025-01-07 09:15:00', 'Abdominal Pain', 'Tenderness', 'Ulcer', 'Gastrointestinal', 198906046),
(6489649357, 198906227, '2025-01-09 11:00:00', 'Fever, Cough', 'Elevated Temperature', 'Influenza', 'Infectious', 198906047),
(6489649358, 198906228, '2025-01-11 13:30:00', 'Dizziness', 'Low BP', 'Hypotension', 'Cardiovascular', 198906048),
(6489649359, 198906229, '2025-01-13 15:00:00', 'Rash', 'Skin Irritation', 'Eczema', 'Dermatological', 198906049),
(6489649360, 198906230, '2025-01-15 09:00:00', 'Headache', 'Normal Findings', 'No Issues, Needs Rest', 'None', 198906050),
(6489649361, 198906231, '2025-01-17 10:30:00', 'Sore Throat', 'Red Throat', 'Tonsillitis', 'Infectious', 198906051),
(6489649362, 198906232, '2025-01-19 12:00:00', 'Fatigue', 'Low Iron', 'Anemia', 'Hematological', 198906052),
(6489649363, 198906233, '2025-01-21 14:15:00', 'Fever, Chills', 'Elevated Temperature', 'Dengue Fever', 'Infectious', 198906053),
(6489649364, 198906134, '2025-01-23 16:00:00', 'Headache', 'Elevated BP', 'Hypertension', 'Cardiovascular', 198906054),
(6489649365, 198906135, '2025-01-25 09:00:00', 'Rash', 'Itching', 'Psoriasis', 'Dermatological', 198906055),
(6489649366, 198906136, '2025-01-27 11:30:00', 'Cough', 'Normal Lungs', 'No Issues, Needs Rest', 'None', 198906056),
(6489649367, 198906137, '2025-01-29 13:00:00', 'Sore Throat', 'Red Throat', 'Pharyngitis', 'Infectious', 198906057),
(6489649368, 198906138, '2025-01-31 15:45:00', 'Fatigue', 'Normal BP', 'Chronic Fatigue Syndrome', 'Neurological', 198906058),
(6489649369, 198906139, '2025-02-02 09:15:00', 'Abdominal Pain', 'Tenderness', 'Gastritis', 'Gastrointestinal', 198906059),
(6489649370, 198906140, '2025-02-04 11:00:00', 'Fever, Cough', 'Elevated Temperature', 'Pneumonia', 'Infectious', 198906060),
(6489649371, 198906141, '2025-02-06 13:30:00', 'Dizziness', 'Low BP', 'Dehydration', 'Metabolic', 198906061),
(6489649372, 198906142, '2025-02-08 15:00:00', 'Rash', 'Skin Irritation', 'Eczema', 'Dermatological', 198906062),
(6489649373, 198906143, '2025-02-10 09:00:00', 'Headache', 'Normal Findings', 'No Issues, Needs Rest', 'None', 198906063),
(6489649374, 198906144, '2025-02-12 10:30:00', 'Sore Throat', 'Red Throat', 'Strep Throat', 'Infectious', 198906064),
(6489649375, 198906145, '2025-02-14 12:00:00', 'Fatigue', 'Low Iron', 'Anemia', 'Hematological', 198906065),
(6489649376, 198906146, '2025-02-16 14:15:00', 'Fever, Chills', 'Elevated Temperature', 'Malaria', 'Infectious', 198906066),
(6489649377, 198906147, '2025-02-18 16:00:00', 'Headache', 'Elevated BP', 'Hypertension', 'Cardiovascular', 198906067),
(6489649378, 198906148, '2025-02-20 09:00:00', 'Rash', 'Itching', 'Contact Dermatitis', 'Dermatological', 198906068),
(6489649379, 198906149, '2025-02-22 11:30:00', 'Cough', 'Normal Lungs', 'No Issues, Needs Rest', 'None', 198906069),
(6489649380, 198906150, '2025-02-24 13:00:00', 'Sore Throat', 'Red Throat', 'Pharyngitis', 'Infectious', 198906070),
(6489649381, 198906151, '2025-02-26 15:45:00', 'Fatigue', 'Normal BP', 'Chronic Fatigue Syndrome', 'Neurological', 198906071),
(6489649382, 198906152, '2025-02-28 09:15:00', 'Abdominal Pain', 'Tenderness', 'Ulcer', 'Gastrointestinal', 198906072),
(6489649383, 198906153, '2025-03-02 11:00:00', 'Fever, Cough', 'Elevated Temperature', 'Influenza', 'Infectious', 198906073),
(6489649384, 198906154, '2025-03-04 13:30:00', 'Dizziness', 'Low BP', 'Hypotension', 'Cardiovascular', 198906044),
(6489649385, 198906155, '2025-03-06 15:00:00', 'Rash', 'Skin Irritation', 'Eczema', 'Dermatological', 198906045),
(6489649386, 198906156, '2025-03-08 09:00:00', 'Headache', 'Normal Findings', 'No Issues, Needs Rest', 'None', 198906046),
(6489649387, 198906157, '2025-03-10 10:30:00', 'Sore Throat', 'Red Throat', 'Tonsillitis', 'Infectious', 198906047),
(6489649388, 198906158, '2025-03-12 12:00:00', 'Fatigue', 'Low Iron', 'Anemia', 'Hematological', 198906048),
(6489649389, 198906159, '2025-03-14 14:15:00', 'Fever, Chills', 'Elevated Temperature', 'Dengue Fever', 'Infectious', 198906049),
(6489649390, 198906160, '2025-03-16 16:00:00', 'Headache', 'Elevated BP', 'Hypertension', 'Cardiovascular', 198906050),
(6489649391, 198906161, '2025-03-18 09:00:00', 'Rash', 'Itching', 'Psoriasis', 'Dermatological', 198906051),
(6489649392, 198906162, '2025-03-20 11:30:00', 'Cough', 'Normal Lungs', 'No Issues, Needs Rest', 'None', 198906052),
(6489649393, 198906163, '2025-03-22 13:00:00', 'Sore Throat', 'Red Throat', 'Pharyngitis', 'Infectious', 198906053),
(6489649394, 198906164, '2025-03-24 15:45:00', 'Fatigue', 'Normal BP', 'Chronic Fatigue Syndrome', 'Neurological', 198906054),
(6489649395, 198906165, '2025-03-26 09:15:00', 'Abdominal Pain', 'Tenderness', 'Gastritis', 'Gastrointestinal', 198906055),
(6489649396, 198906166, '2025-03-28 11:00:00', 'Fever, Cough', 'Elevated Temperature', 'Pneumonia', 'Infectious', 198906056),
(6489649397, 198906167, '2025-03-30 13:30:00', 'Dizziness', 'Low BP', 'Dehydration', 'Metabolic', 198906057),
(6489649398, 198906168, '2025-04-01 15:00:00', 'Rash', 'Skin Irritation', 'Eczema', 'Dermatological', 198906058),
(6489649399, 198906169, '2025-04-03 09:00:00', 'Headache', 'Normal Findings', 'No Issues, Needs Rest', 'None', 198906059),
(6489649400, 198906170, '2025-04-05 10:30:00', 'Sore Throat', 'Red Throat', 'Strep Throat', 'Infectious', 198906060),
(6489649401, 198906171, '2025-04-07 12:00:00', 'Fatigue', 'Low Iron', 'Anemia', 'Hematological', 198906061),
(6489649402, 198906172, '2025-04-09 14:15:00', 'Fever, Chills', 'Elevated Temperature', 'Malaria', 'Infectious', 198906062),
(6489649403, 198906173, '2025-04-11 16:00:00', 'Headache', 'Elevated BP', 'Hypertension', 'Cardiovascular', 198906063),
(6489649404, 198906174, '2025-04-13 09:00:00', 'Rash', 'Itching', 'Contact Dermatitis', 'Dermatological', 198906064),
(6489649405, 198906175, '2025-04-15 11:30:00', 'Cough', 'Normal Lungs', 'No Issues, Needs Rest', 'None', 198906065),
(6489649406, 198906176, '2025-04-17 13:00:00', 'Sore Throat', 'Red Throat', 'Pharyngitis', 'Infectious', 198906066),
(6489649407, 198906177, '2025-04-19 15:45:00', 'Fatigue', 'Normal BP', 'Chronic Fatigue Syndrome', 'Neurological', 198906067),
(6489649408, 198906178, '2025-04-21 09:15:00', 'Abdominal Pain', 'Tenderness', 'Ulcer', 'Gastrointestinal', 198906068),
(6489649409, 198906179, '2025-04-23 11:00:00', 'Fever, Cough', 'Elevated Temperature', 'Influenza', 'Infectious', 198906069),
(6489649410, 198906180, '2025-04-25 13:30:00', 'Dizziness', 'Low BP', 'Hypotension', 'Cardiovascular', 198906070),
(6489649411, 198906181, '2025-04-27 15:00:00', 'Rash', 'Skin Irritation', 'Eczema', 'Dermatological', 198906071),
(6489649412, 198906182, '2025-04-29 09:00:00', 'Headache', 'Normal Findings', 'No Issues, Needs Rest', 'None', 198906072),
(6489649413, 198906183, '2025-05-01 10:30:00', 'Sore Throat', 'Red Throat', 'Tonsillitis', 'Infectious', 198906073),
(6489649414, 198906184, '2025-05-03 12:00:00', 'Fatigue', 'Low Iron', 'Anemia', 'Hematological', 198906044),
(6489649415, 198906185, '2025-05-05 14:15:00', 'Fever, Chills', 'Elevated Temperature', 'Dengue Fever', 'Infectious', 198906045),
(6489649416, 198906186, '2025-05-07 16:00:00', 'Headache', 'Elevated BP', 'Hypertension', 'Cardiovascular', 198906046),
(6489649417, 198906187, '2025-05-09 09:00:00', 'Rash', 'Itching', 'Psoriasis', 'Dermatological', 198906047),
(6489649418, 198906188, '2025-05-11 11:30:00', 'Cough', 'Normal Lungs', 'No Issues, Needs Rest', 'None', 198906048),
(6489649419, 198906189, '2025-05-13 13:00:00', 'Sore Throat', 'Red Throat', 'Pharyngitis', 'Infectious', 198906049),
(6489649420, 198906190, '2025-05-15 15:45:00', 'Fatigue', 'Normal BP', 'Chronic Fatigue Syndrome', 'Neurological', 198906050),
(6489649421, 198906191, '2025-05-17 09:15:00', 'Abdominal Pain', 'Tenderness', 'Gastritis', 'Gastrointestinal', 198906051),
(6489649422, 198906192, '2025-05-19 11:00:00', 'Fever, Cough', 'Elevated Temperature', 'Pneumonia', 'Infectious', 198906052),
(6489649423, 198906193, '2025-05-21 13:30:00', 'Dizziness', 'Low BP', 'Dehydration', 'Metabolic', 198906053),
(6489649424, 198906194, '2025-05-23 15:00:00', 'Rash', 'Skin Irritation', 'Eczema', 'Dermatological', 198906054),
(6489649425, 198906195, '2025-05-25 09:00:00', 'Headache', 'Normal Findings', 'No Issues, Needs Rest', 'None', 198906055),
(6489649426, 198906196, '2025-05-27 10:30:00', 'Sore Throat', 'Red Throat', 'Strep Throat', 'Infectious', 198906056),
(6489649427, 198906197, '2025-05-29 12:00:00', 'Fatigue', 'Low Iron', 'Anemia', 'Hematological', 198906057),
(6489649428, 198906198, '2025-05-31 14:15:00', 'Fever, Chills', 'Elevated Temperature', 'Malaria', 'Infectious', 198906058),
(6489649429, 198906199, '2025-06-02 16:00:00', 'Headache', 'Elevated BP', 'Hypertension', 'Cardiovascular', 198906059),
(6489649430, 198906200, '2025-06-04 09:00:00', 'Rash', 'Itching', 'Contact Dermatitis', 'Dermatological', 198906060),
(6489649431, 198906201, '2025-06-06 11:30:00', 'Cough', 'Normal Lungs', 'No Issues, Needs Rest', 'None', 198906061),
(6489649432, 198906202, '2025-06-08 13:00:00', 'Sore Throat', 'Red Throat', 'Pharyngitis', 'Infectious', 198906062),
(6489649433, 198906203, '2025-06-10 15:45:00', 'Fatigue', 'Normal BP', 'Chronic Fatigue Syndrome', 'Neurological', 198906063),
(6489649434, 198906204, '2025-06-12 09:15:00', 'Abdominal Pain', 'Tenderness', 'Ulcer', 'Gastrointestinal', 198906064),
(6489649435, 198906205, '2025-06-14 11:00:00', 'Fever, Cough', 'Elevated Temperature', 'Influenza', 'Infectious', 198906065),
(6489649436, 198906206, '2025-06-16 13:30:00', 'Dizziness', 'Low BP', 'Hypotension', 'Cardiovascular', 198906066),
(6489649437, 198906207, '2025-06-18 15:00:00', 'Rash', 'Skin Irritation', 'Eczema', 'Dermatological', 198906067),
(6489649438, 198906208, '2025-06-20 09:00:00', 'Headache', 'Normal Findings', 'No Issues, Needs Rest', 'None', 198906068),
(6489649439, 198906209, '2025-06-22 10:30:00', 'Sore Throat', 'Red Throat', 'Tonsillitis', 'Infectious', 198906069),
(6489649440, 198906210, '2025-06-24 12:00:00', 'Fatigue', 'Low Iron', 'Anemia', 'Hematological', 198906070),
(6489649441, 198906211, '2025-06-26 14:15:00', 'Fever, Chills', 'Elevated Temperature', 'Dengue Fever', 'Infectious', 198906071),
(6489649442, 198906212, '2025-06-28 16:00:00', 'Headache', 'Elevated BP', 'Hypertension', 'Cardiovascular', 198906072),
(6489649443, 198906213, '2025-06-30 09:00:00', 'Rash', 'Itching', 'Psoriasis', 'Dermatological', 198906073),
(6489649444, 198906214, '2025-07-02 11:30:00', 'Cough', 'Normal Lungs', 'No Issues, Needs Rest', 'None', 198906044),
(6489649445, 198906215, '2025-07-04 13:00:00', 'Sore Throat', 'Red Throat', 'Pharyngitis', 'Infectious', 198906045),
(6489649446, 198906216, '2025-07-06 15:45:00', 'Fatigue', 'Normal BP', 'Chronic Fatigue Syndrome', 'Neurological', 198906046),
(6489649447, 198906217, '2025-07-08 09:15:00', 'Abdominal Pain', 'Tenderness', 'Gastritis', 'Gastrointestinal', 198906047),
(6489649448, 198906218, '2025-07-10 11:00:00', 'Fever, Cough', 'Elevated Temperature', 'Pneumonia', 'Infectious', 198906048),
(6489649449, 198906219, '2025-07-12 13:30:00', 'Dizziness', 'Low BP', 'Dehydration', 'Metabolic', 198906049),
(6489649450, 198906220, '2025-07-14 15:00:00', 'Rash', 'Skin Irritation', 'Eczema', 'Dermatological', 198906050),
(6489649451, 198906221, '2025-07-16 09:00:00', 'Headache', 'Normal Findings', 'No Issues, Needs Rest', 'None', 198906051),
(6489649452, 198906222, '2025-07-18 10:30:00', 'Sore Throat', 'Red Throat', 'Strep Throat', 'Infectious', 198906052),
(6489649453, 198906223, '2025-07-20 12:00:00', 'Fatigue', 'Low Iron', 'Anemia', 'Hematological', 198906053),
(6489649454, 198906224, '2025-07-22 14:15:00', 'Fever, Chills', 'Elevated Temperature', 'Malaria', 'Infectious', 198906054),
(6489649455, 198906225, '2025-07-24 16:00:00', 'Headache', 'Elevated BP', 'Hypertension', 'Cardiovascular', 198906055),
(6489649456, 198906226, '2025-07-26 09:00:00', 'Rash', 'Itching', 'Contact Dermatitis', 'Dermatological', 198906056),
(6489649457, 198906227, '2025-07-28 11:30:00', 'Cough', 'Normal Lungs', 'No Issues, Needs Rest', 'None', 198906057),
(6489649458, 198906228, '2025-07-30 13:00:00', 'Sore Throat', 'Red Throat', 'Pharyngitis', 'Infectious', 198906058),
(6489649459, 198906229, '2025-08-01 15:45:00', 'Fatigue', 'Normal BP', 'Chronic Fatigue Syndrome', 'Neurological', 198906059),
(6489649460, 198906230, '2025-08-03 09:15:00', 'Abdominal Pain', 'Tenderness', 'Ulcer', 'Gastrointestinal', 198906060),
(6489649461, 198906231, '2025-08-05 11:00:00', 'Fever, Cough', 'Elevated Temperature', 'Influenza', 'Infectious', 198906061),
(6489649462, 198906232, '2025-08-07 13:30:00', 'Dizziness', 'Low BP', 'Hypotension', 'Cardiovascular', 198906062),
(6489649463, 198906233, '2025-08-09 15:00:00', 'Rash', 'Skin Irritation', 'Eczema', 'Dermatological', 198906063),
(6489649464, 198906134, '2025-08-11 09:00:00', 'Headache', 'Normal Findings', 'No Issues, Needs Rest', 'None', 198906064),
(6489649465, 198906135, '2025-08-13 10:30:00', 'Sore Throat', 'Red Throat', 'Tonsillitis', 'Infectious', 198906065),
(6489649466, 198906136, '2025-08-15 12:00:00', 'Fatigue', 'Low Iron', 'Anemia', 'Hematological', 198906066),
(6489649467, 198906137, '2025-08-17 14:15:00', 'Fever, Chills', 'Elevated Temperature', 'Dengue Fever', 'Infectious', 198906067),
(6489649468, 198906138, '2025-08-19 16:00:00', 'Headache', 'Elevated BP', 'Hypertension', 'Cardiovascular', 198906068),
(6489649469, 198906139, '2025-08-21 09:00:00', 'Rash', 'Itching', 'Psoriasis', 'Dermatological', 198906069),
(6489649470, 198906140, '2025-08-23 11:30:00', 'Cough', 'Normal Lungs', 'No Issues, Needs Rest', 'None', 198906070),
(6489649471, 198906141, '2025-08-25 13:00:00', 'Sore Throat', 'Red Throat', 'Pharyngitis', 'Infectious', 198906071),
(6489649472, 198906142, '2025-08-27 15:45:00', 'Fatigue', 'Normal BP', 'Chronic Fatigue Syndrome', 'Neurological', 198906072),
(6489649473, 198906143, '2025-08-29 09:15:00', 'Abdominal Pain', 'Tenderness', 'Gastritis', 'Gastrointestinal', 198906073),
(6489649474, 198906144, '2025-08-31 11:00:00', 'Fever, Cough', 'Elevated Temperature', 'Pneumonia', 'Infectious', 198906044),
(6489649475, 198906145, '2025-09-02 13:30:00', 'Dizziness', 'Low BP', 'Dehydration', 'Metabolic', 198906045),
(6489649476, 198906146, '2025-09-04 15:00:00', 'Rash', 'Skin Irritation', 'Eczema', 'Dermatological', 198906046),
(6489649477, 198906147, '2025-09-06 09:00:00', 'Headache', 'Normal Findings', 'No Issues, Needs Rest', 'None', 198906047),
(6489649478, 198906148, '2025-09-08 10:30:00', 'Sore Throat', 'Red Throat', 'Strep Throat', 'Infectious', 198906048),
(6489649479, 198906149, '2025-09-10 12:00:00', 'Fatigue', 'Low Iron', 'Anemia', 'Hematological', 198906049),
(6489649480, 198906150, '2025-09-12 14:15:00', 'Fever, Chills', 'Elevated Temperature', 'Malaria', 'Infectious', 198906050),
(6489649481, 198906151, '2025-09-14 16:00:00', 'Headache', 'Elevated BP', 'Hypertension', 'Cardiovascular', 198906051),
(6489649482, 198906152, '2025-09-16 09:00:00', 'Rash', 'Itching', 'Contact Dermatitis', 'Dermatological', 198906052),
(6489649483, 198906153, '2025-09-18 11:30:00', 'Cough', 'Normal Lungs', 'No Issues, Needs Rest', 'None', 198906053),
(6489649484, 198906154, '2025-09-20 13:00:00', 'Sore Throat', 'Red Throat', 'Pharyngitis', 'Infectious', 198906054),
(6489649485, 198906155, '2025-09-22 15:45:00', 'Fatigue', 'Normal BP', 'Chronic Fatigue Syndrome', 'Neurological', 198906055),
(6489649486, 198906156, '2025-09-24 09:15:00', 'Abdominal Pain', 'Tenderness', 'Ulcer', 'Gastrointestinal', 198906056),
(6489649487, 198906157, '2025-09-26 11:00:00', 'Fever, Cough', 'Elevated Temperature', 'Influenza', 'Infectious', 198906057),
(6489649488, 198906158, '2025-09-28 13:30:00', 'Dizziness', 'Low BP', 'Hypotension', 'Cardiovascular', 198906058),
(6489649489, 198906159, '2025-09-30 15:00:00', 'Rash', 'Skin Irritation', 'Eczema', 'Dermatological', 198906059),
(6489649490, 198906160, '2025-10-02 09:00:00', 'Headache', 'Normal Findings', 'No Issues, Needs Rest', 'None', 198906060),
(6489649491, 198906161, '2025-10-04 10:30:00', 'Sore Throat', 'Red Throat', 'Tonsillitis', 'Infectious', 198906061),
(6489649492, 198906162, '2025-10-06 12:00:00', 'Fatigue', 'Low Iron', 'Anemia', 'Hematological', 198906062),
(6489649493, 198906163, '2025-10-08 14:15:00', 'Fever, Chills', 'Elevated Temperature', 'Dengue Fever', 'Infectious', 198906063),
(6489649494, 198906164, '2025-10-10 16:00:00', 'Headache', 'Elevated BP', 'Hypertension', 'Cardiovascular', 198906064),
(6489649495, 198906165, '2025-10-12 09:00:00', 'Rash', 'Itching', 'Psoriasis', 'Dermatological', 198906065),
(6489649496, 198906166, '2025-10-14 11:30:00', 'Cough', 'Normal Lungs', 'No Issues, Needs Rest', 'None', 198906066),
(6489649497, 198906167, '2025-10-16 13:00:00', 'Sore Throat', 'Red Throat', 'Pharyngitis', 'Infectious', 198906067),
(6489649498, 198906168, '2025-10-18 15:45:00', 'Fatigue', 'Normal BP', 'Chronic Fatigue Syndrome', 'Neurological', 198906068),
(6489649499, 198906169, '2025-10-20 09:15:00', 'Abdominal Pain', 'Tenderness', 'Gastritis', 'Gastrointestinal', 198906069);


-- Prescriptions (342 records, id: 1 - 342)
INSERT INTO Prescriptions (id, visit_id, type, name, quantity, price) VALUES
(1, 6489649256, 'Medicine', 'Ibuprofen', 2, 10.00),
(2, 6489649256, 'Tests', 'Complete Blood Count', 1, 50.00),
(3, 6489649257, 'Medicine', 'Amoxicillin', 3, 15.00),
(4, 6489649257, 'Tests', 'Throat Swab', 1, 80.00),
(5, 6489649259, 'Medicine', 'Paracetamol', 2, 10.00),
(6, 6489649260, 'Medicine', 'Lisinopril', 1, 18.00),
(7, 6489649260, 'Tests', 'Blood Pressure Test', 1, 100.00),
(8, 6489649261, 'Medicine', 'Cetirizine', 2, 12.00),
(9, 6489649261, 'Tests', 'Skin Biopsy', 1, 300.00),
(10, 6489649263, 'Medicine', 'Amoxicillin', 3, 15.00),
(11, 6489649264, 'Medicine', 'Gabapentin', 2, 30.00),
(12, 6489649264, 'Tests', 'Fatigue Panel', 1, 200.00),
(13, 6489649265, 'Medicine', 'Ranitidine', 2, 15.00),
(14, 6489649266, 'Medicine', 'Paracetamol', 2, 10.00),
(15, 6489649266, 'Tests', 'Chest X-Ray', 1, 300.00),
(16, 6489649267, 'Equipment', 'IV Catheter', 1, 10.00),
(17, 6489649268, 'Medicine', 'Cetirizine', 2, 12.00),
(18, 6489649270, 'Medicine', 'Amoxicillin', 3, 15.00),
(19, 6489649270, 'Tests', 'Throat Swab', 1, 80.00),
(20, 6489649271, 'Medicine', 'Gabapentin', 2, 30.00),
(21, 6489649272, 'Medicine', 'Paracetamol', 2, 10.00),
(22, 6489649272, 'Tests', 'Malaria Test', 1, 150.00),
(23, 6489649273, 'Medicine', 'Lisinopril', 1, 18.00),
(24, 6489649274, 'Medicine', 'Cetirizine', 2, 12.00),
(25, 6489649274, 'Tests', 'Skin Biopsy', 1, 300.00),
(26, 6489649276, 'Medicine', 'Amoxicillin', 3, 15.00),
(27, 6489649277, 'Medicine', 'Gabapentin', 2, 30.00),
(28, 6489649277, 'Tests', 'Fatigue Panel', 1, 200.00),
(29, 6489649278, 'Medicine', 'Ranitidine', 2, 15.00),
(30, 6489649279, 'Medicine', 'Paracetamol', 2, 10.00),
(31, 6489649279, 'Tests', 'Chest X-Ray', 1, 300.00),
(32, 6489649280, 'Equipment', 'IV Catheter', 1, 10.00),
(33, 6489649281, 'Medicine', 'Cetirizine', 2, 12.00),
(34, 6489649283, 'Medicine', 'Amoxicillin', 3, 15.00),
(35, 6489649283, 'Tests', 'Throat Swab', 1, 80.00),
(36, 6489649284, 'Medicine', 'Gabapentin', 2, 30.00),
(37, 6489649285, 'Medicine', 'Paracetamol', 2, 10.00),
(38, 6489649285, 'Tests', 'Malaria Test', 1, 150.00),
(39, 6489649286, 'Medicine', 'Lisinopril', 1, 18.00),
(40, 6489649287, 'Medicine', 'Cetirizine', 2, 12.00),
(41, 6489649287, 'Tests', 'Skin Biopsy', 1, 300.00),
(42, 6489649289, 'Medicine', 'Amoxicillin', 3, 15.00),
(43, 6489649290, 'Medicine', 'Gabapentin', 2, 30.00),
(44, 6489649290, 'Tests', 'Fatigue Panel', 1, 200.00),
(45, 6489649291, 'Medicine', 'Ranitidine', 2, 15.00),
(46, 6489649292, 'Medicine', 'Paracetamol', 2, 10.00),
(47, 6489649292, 'Tests', 'Chest X-Ray', 1, 300.00),
(48, 6489649293, 'Equipment', 'IV Catheter', 1, 10.00),
(49, 6489649294, 'Medicine', 'Cetirizine', 2, 12.00),
(50, 6489649296, 'Medicine', 'Amoxicillin', 3, 15.00),
(51, 6489649296, 'Tests', 'Throat Swab', 1, 80.00),
(52, 6489649297, 'Medicine', 'Gabapentin', 2, 30.00),
(53, 6489649298, 'Medicine', 'Paracetamol', 2, 10.00),
(54, 6489649298, 'Tests', 'Malaria Test', 1, 150.00),
(55, 6489649299, 'Medicine', 'Lisinopril', 1, 18.00),
(56, 6489649300, 'Medicine', 'Cetirizine', 2, 12.00),
(57, 6489649300, 'Tests', 'Skin Biopsy', 1, 300.00),
(58, 6489649302, 'Medicine', 'Amoxicillin', 3, 15.00),
(59, 6489649303, 'Medicine', 'Gabapentin', 2, 30.00),
(60, 6489649303, 'Tests', 'Fatigue Panel', 1, 200.00),
(61, 6489649304, 'Medicine', 'Ranitidine', 2, 15.00),
(62, 6489649305, 'Medicine', 'Paracetamol', 2, 10.00),
(63, 6489649305, 'Tests', 'Chest X-Ray', 1, 300.00),
(64, 6489649306, 'Equipment', 'IV Catheter', 1, 10.00),
(65, 6489649307, 'Medicine', 'Cetirizine', 2, 12.00),
(66, 6489649309, 'Medicine', 'Amoxicillin', 3, 15.00),
(67, 6489649309, 'Tests', 'Throat Swab', 1, 80.00),
(68, 6489649310, 'Medicine', 'Gabapentin', 2, 30.00),
(69, 6489649311, 'Medicine', 'Paracetamol', 2, 10.00),
(70, 6489649311, 'Tests', 'Malaria Test', 1, 150.00),
(71, 6489649312, 'Medicine', 'Lisinopril', 1, 18.00),
(72, 6489649313, 'Medicine', 'Cetirizine', 2, 12.00),
(73, 6489649313, 'Tests', 'Skin Biopsy', 1, 300.00),
(74, 6489649315, 'Medicine', 'Amoxicillin', 3, 15.00),
(75, 6489649316, 'Medicine', 'Gabapentin', 2, 30.00),
(76, 6489649316, 'Tests', 'Fatigue Panel', 1, 200.00),
(77, 6489649317, 'Medicine', 'Ranitidine', 2, 15.00),
(78, 6489649318, 'Medicine', 'Paracetamol', 2, 10.00),
(79, 6489649318, 'Tests', 'Chest X-Ray', 1, 300.00),
(80, 6489649319, 'Equipment', 'IV Catheter', 1, 10.00),
(81, 6489649320, 'Medicine', 'Cetirizine', 2, 12.00),
(82, 6489649322, 'Medicine', 'Amoxicillin', 3, 15.00),
(83, 6489649322, 'Tests', 'Throat Swab', 1, 80.00),
(84, 6489649323, 'Medicine', 'Gabapentin', 2, 30.00),
(85, 6489649324, 'Medicine', 'Paracetamol', 2, 10.00),
(86, 6489649324, 'Tests', 'Malaria Test', 1, 150.00),
(87, 6489649325, 'Medicine', 'Lisinopril', 1, 18.00),
(88, 6489649326, 'Medicine', 'Cetirizine', 2, 12.00),
(89, 6489649326, 'Tests', 'Skin Biopsy', 1, 300.00),
(90, 6489649328, 'Medicine', 'Amoxicillin', 3, 15.00),
(91, 6489649329, 'Medicine', 'Gabapentin', 2, 30.00),
(92, 6489649329, 'Tests', 'Fatigue Panel', 1, 200.00),
(93, 6489649330, 'Medicine', 'Ranitidine', 2, 15.00),
(94, 6489649331, 'Medicine', 'Paracetamol', 2, 10.00),
(95, 6489649331, 'Tests', 'Chest X-Ray', 1, 300.00),
(96, 6489649332, 'Equipment', 'IV Catheter', 1, 10.00),
(97, 6489649333, 'Medicine', 'Cetirizine', 2, 12.00),
(98, 6489649335, 'Medicine', 'Amoxicillin', 3, 15.00),
(99, 6489649335, 'Tests', 'Throat Swab', 1, 80.00),
(100, 6489649336, 'Medicine', 'Gabapentin', 2, 30.00),
(101, 6489649337, 'Medicine', 'Paracetamol', 2, 10.00),
(102, 6489649337, 'Tests', 'Malaria Test', 1, 150.00),
(103, 6489649338, 'Medicine', 'Lisinopril', 1, 18.00),
(104, 6489649339, 'Medicine', 'Cetirizine', 2, 12.00),
(105, 6489649339, 'Tests', 'Skin Biopsy', 1, 300.00),
(106, 6489649341, 'Medicine', 'Amoxicillin', 3, 15.00),
(107, 6489649342, 'Medicine', 'Gabapentin', 2, 30.00),
(108, 6489649342, 'Tests', 'Fatigue Panel', 1, 200.00),
(109, 6489649343, 'Medicine', 'Ranitidine', 2, 15.00),
(110, 6489649344, 'Medicine', 'Paracetamol', 2, 10.00),
(111, 6489649344, 'Tests', 'Chest X-Ray', 1, 300.00),
(112, 6489649345, 'Equipment', 'IV Catheter', 1, 10.00),
(113, 6489649346, 'Medicine', 'Cetirizine', 2, 12.00),
(114, 6489649348, 'Medicine', 'Amoxicillin', 3, 15.00),
(115, 6489649348, 'Tests', 'Throat Swab', 1, 80.00),
(116, 6489649349, 'Medicine', 'Gabapentin', 2, 30.00),
(117, 6489649350, 'Medicine', 'Paracetamol', 2, 10.00),
(118, 6489649350, 'Tests', 'Malaria Test', 1, 150.00),
(119, 6489649351, 'Medicine', 'Lisinopril', 1, 18.00),
(120, 6489649352, 'Medicine', 'Cetirizine', 2, 12.00),
(121, 6489649352, 'Tests', 'Skin Biopsy', 1, 300.00),
(122, 6489649354, 'Medicine', 'Amoxicillin', 3, 15.00),
(123, 6489649355, 'Medicine', 'Gabapentin', 2, 30.00),
(124, 6489649355, 'Tests', 'Fatigue Panel', 1, 200.00),
(125, 6489649356, 'Medicine', 'Ranitidine', 2, 15.00),
(126, 6489649357, 'Medicine', 'Paracetamol', 2, 10.00),
(127, 6489649357, 'Tests', 'Chest X-Ray', 1, 300.00),
(128, 6489649358, 'Equipment', 'IV Catheter', 1, 10.00),
(129, 6489649359, 'Medicine', 'Cetirizine', 2, 12.00),
(130, 6489649361, 'Medicine', 'Amoxicillin', 3, 15.00),
(131, 6489649361, 'Tests', 'Throat Swab', 1, 80.00),
(132, 6489649362, 'Medicine', 'Gabapentin', 2, 30.00),
(133, 6489649363, 'Medicine', 'Paracetamol', 2, 10.00),
(134, 6489649363, 'Tests', 'Malaria Test', 1, 150.00),
(135, 6489649364, 'Medicine', 'Lisinopril', 1, 18.00),
(136, 6489649365, 'Medicine', 'Cetirizine', 2, 12.00),
(137, 6489649365, 'Tests', 'Skin Biopsy', 1, 300.00),
(138, 6489649367, 'Medicine', 'Amoxicillin', 3, 15.00),
(139, 6489649368, 'Medicine', 'Gabapentin', 2, 30.00),
(140, 6489649368, 'Tests', 'Fatigue Panel', 1, 200.00),
(141, 6489649369, 'Medicine', 'Ranitidine', 2, 15.00),
(142, 6489649370, 'Medicine', 'Paracetamol', 2, 10.00),
(143, 6489649370, 'Tests', 'Chest X-Ray', 1, 300.00),
(144, 6489649371, 'Equipment', 'IV Catheter', 1, 10.00),
(145, 6489649372, 'Medicine', 'Cetirizine', 2, 12.00),
(146, 6489649374, 'Medicine', 'Amoxicillin', 3, 15.00),
(147, 6489649374, 'Tests', 'Throat Swab', 1, 80.00),
(148, 6489649375, 'Medicine', 'Gabapentin', 2, 30.00),
(149, 6489649376, 'Medicine', 'Paracetamol', 2, 10.00),
(150, 6489649376, 'Tests', 'Malaria Test', 1, 150.00),
(151, 6489649377, 'Medicine', 'Lisinopril', 1, 18.00),
(152, 6489649378, 'Medicine', 'Cetirizine', 2, 12.00),
(153, 6489649378, 'Tests', 'Skin Biopsy', 1, 300.00),
(154, 6489649380, 'Medicine', 'Amoxicillin', 3, 15.00),
(155, 6489649381, 'Medicine', 'Gabapentin', 2, 30.00),
(156, 6489649381, 'Tests', 'Fatigue Panel', 1, 200.00),
(157, 6489649382, 'Medicine', 'Ranitidine', 2, 15.00),
(158, 6489649383, 'Medicine', 'Paracetamol', 2, 10.00),
(159, 6489649383, 'Tests', 'Chest X-Ray', 1, 300.00),
(160, 6489649384, 'Equipment', 'IV Catheter', 1, 10.00),
(161, 6489649385, 'Medicine', 'Cetirizine', 2, 12.00),
(162, 6489649387, 'Medicine', 'Amoxicillin', 3, 15.00),
(163, 6489649387, 'Tests', 'Throat Swab', 1, 80.00),
(164, 6489649388, 'Medicine', 'Gabapentin', 2, 30.00),
(165, 6489649389, 'Medicine', 'Paracetamol', 2, 10.00),
(166, 6489649389, 'Tests', 'Malaria Test', 1, 150.00),
(167, 6489649390, 'Medicine', 'Lisinopril', 1, 18.00),
(168, 6489649391, 'Medicine', 'Cetirizine', 2, 12.00),
(169, 6489649391, 'Tests', 'Skin Biopsy', 1, 300.00),
(170, 6489649393, 'Medicine', 'Amoxicillin', 3, 15.00),
(171, 6489649394, 'Medicine', 'Gabapentin', 2, 30.00),
(172, 6489649394, 'Tests', 'Fatigue Panel', 1, 200.00),
(173, 6489649395, 'Medicine', 'Ranitidine', 2, 15.00),
(174, 6489649396, 'Medicine', 'Paracetamol', 2, 10.00),
(175, 6489649396, 'Tests', 'Chest X-Ray', 1, 300.00),
(176, 6489649397, 'Equipment', 'IV Catheter', 1, 10.00),
(177, 6489649398, 'Medicine', 'Cetirizine', 2, 12.00),
(178, 6489649400, 'Medicine', 'Amoxicillin', 3, 15.00),
(179, 6489649400, 'Tests', 'Throat Swab', 1, 80.00),
(180, 6489649401, 'Medicine', 'Gabapentin', 2, 30.00),
(181, 6489649402, 'Medicine', 'Paracetamol', 2, 10.00),
(182, 6489649402, 'Tests', 'Malaria Test', 1, 150.00),
(183, 6489649403, 'Medicine', 'Lisinopril', 1, 18.00),
(184, 6489649404, 'Medicine', 'Cetirizine', 2, 12.00),
(185, 6489649404, 'Tests', 'Skin Biopsy', 1, 300.00),
(186, 6489649406, 'Medicine', 'Amoxicillin', 3, 15.00),
(187, 6489649407, 'Medicine', 'Gabapentin', 2, 30.00),
(188, 6489649407, 'Tests', 'Fatigue Panel', 1, 200.00),
(189, 6489649408, 'Medicine', 'Ranitidine', 2, 15.00),
(190, 6489649409, 'Medicine', 'Paracetamol', 2, 10.00),
(191, 6489649409, 'Tests', 'Chest X-Ray', 1, 300.00),
(192, 6489649410, 'Equipment', 'IV Catheter', 1, 10.00),
(193, 6489649411, 'Medicine', 'Cetirizine', 2, 12.00),
(194, 6489649413, 'Medicine', 'Amoxicillin', 3, 15.00),
(195, 6489649413, 'Tests', 'Throat Swab', 1, 80.00),
(196, 6489649414, 'Medicine', 'Gabapentin', 2, 30.00),
(197, 6489649415, 'Medicine', 'Paracetamol', 2, 10.00),
(198, 6489649415, 'Tests', 'Malaria Test', 1, 150.00),
(199, 6489649416, 'Medicine', 'Lisinopril', 1, 18.00),
(200, 6489649417, 'Medicine', 'Cetirizine', 2, 12.00),
(201, 6489649417, 'Tests', 'Skin Biopsy', 1, 300.00),
(202, 6489649419, 'Medicine', 'Amoxicillin', 3, 15.00),
(203, 6489649420, 'Medicine', 'Gabapentin', 2, 30.00),
(204, 6489649420, 'Tests', 'Fatigue Panel', 1, 200.00),
(205, 6489649421, 'Medicine', 'Ranitidine', 2, 15.00),
(206, 6489649422, 'Medicine', 'Paracetamol', 2, 10.00),
(207, 6489649422, 'Tests', 'Chest X-Ray', 1, 300.00),
(208, 6489649423, 'Equipment', 'IV Catheter', 1, 10.00),
(209, 6489649424, 'Medicine', 'Cetirizine', 2, 12.00),
(210, 6489649426, 'Medicine', 'Amoxicillin', 3, 15.00),
(211, 6489649426, 'Tests', 'Throat Swab', 1, 80.00),
(212, 6489649427, 'Medicine', 'Gabapentin', 2, 30.00),
(213, 6489649428, 'Medicine', 'Paracetamol', 2, 10.00),
(214, 6489649428, 'Tests', 'Malaria Test', 1, 150.00),
(215, 6489649429, 'Medicine', 'Lisinopril', 1, 18.00),
(216, 6489649430, 'Medicine', 'Cetirizine', 2, 12.00),
(217, 6489649430, 'Tests', 'Skin Biopsy', 1, 300.00),
(218, 6489649432, 'Medicine', 'Amoxicillin', 3, 15.00),
(219, 6489649433, 'Medicine', 'Gabapentin', 2, 30.00),
(220, 6489649433, 'Tests', 'Fatigue Panel', 1, 200.00),
(221, 6489649434, 'Medicine', 'Ranitidine', 2, 15.00),
(222, 6489649435, 'Medicine', 'Paracetamol', 2, 10.00),
(223, 6489649435, 'Tests', 'Chest X-Ray', 1, 300.00),
(224, 6489649436, 'Equipment', 'IV Catheter', 1, 10.00),
(225, 6489649437, 'Medicine', 'Cetirizine', 2, 12.00),
(226, 6489649439, 'Medicine', 'Amoxicillin', 3, 15.00),
(227, 6489649439, 'Tests', 'Throat Swab', 1, 80.00),
(228, 6489649440, 'Medicine', 'Gabapentin', 2, 30.00),
(229, 6489649441, 'Medicine', 'Paracetamol', 2, 10.00),
(230, 6489649441, 'Tests', 'Malaria Test', 1, 150.00),
(231, 6489649442, 'Medicine', 'Lisinopril', 1, 18.00),
(232, 6489649443, 'Medicine', 'Cetirizine', 2, 12.00),
(233, 6489649443, 'Tests', 'Skin Biopsy', 1, 300.00),
(234, 6489649445, 'Medicine', 'Amoxicillin', 3, 15.00),
(235, 6489649446, 'Medicine', 'Gabapentin', 2, 30.00),
(236, 6489649446, 'Tests', 'Fatigue Panel', 1, 200.00),
(237, 6489649447, 'Medicine', 'Ranitidine', 2, 15.00),
(238, 6489649448, 'Medicine', 'Paracetamol', 2, 10.00),
(239, 6489649448, 'Tests', 'Chest X-Ray', 1, 300.00),
(240, 6489649449, 'Equipment', 'IV Catheter', 1, 10.00),
(241, 6489649450, 'Medicine', 'Cetirizine', 2, 12.00),
(242, 6489649452, 'Medicine', 'Amoxicillin', 3, 15.00),
(243, 6489649452, 'Tests', 'Throat Swab', 1, 80.00),
(244, 6489649453, 'Medicine', 'Gabapentin', 2, 30.00),
(245, 6489649454, 'Medicine', 'Paracetamol', 2, 10.00),
(246, 6489649454, 'Tests', 'Malaria Test', 1, 150.00),
(247, 6489649455, 'Medicine', 'Lisinopril', 1, 18.00),
(248, 6489649456, 'Medicine', 'Cetirizine', 2, 12.00),
(249, 6489649456, 'Tests', 'Skin Biopsy', 1, 300.00),
(250, 6489649458, 'Medicine', 'Amoxicillin', 3, 15.00),
(251, 6489649459, 'Medicine', 'Gabapentin', 2, 30.00),
(252, 6489649459, 'Tests', 'Fatigue Panel', 1, 200.00),
(253, 6489649460, 'Medicine', 'Ranitidine', 2, 15.00),
(254, 6489649461, 'Medicine', 'Paracetamol', 2, 10.00),
(255, 6489649461, 'Tests', 'Chest X-Ray', 1, 300.00),
(256, 6489649462, 'Equipment', 'IV Catheter', 1, 10.00),
(257, 6489649463, 'Medicine', 'Cetirizine', 2, 12.00),
(258, 6489649465, 'Medicine', 'Amoxicillin', 3, 15.00),
(259, 6489649465, 'Tests', 'Throat Swab', 1, 80.00),
(260, 6489649466, 'Medicine', 'Gabapentin', 2, 30.00),
(261, 6489649467, 'Medicine', 'Paracetamol', 2, 10.00),
(262, 6489649467, 'Tests', 'Malaria Test', 1, 150.00),
(263, 6489649468, 'Medicine', 'Lisinopril', 1, 18.00),
(264, 6489649469, 'Medicine', 'Cetirizine', 2, 12.00),
(265, 6489649469, 'Tests', 'Skin Biopsy', 1, 300.00),
(266, 6489649471, 'Medicine', 'Amoxicillin', 3, 15.00),
(267, 6489649472, 'Medicine', 'Gabapentin', 2, 30.00),
(268, 6489649472, 'Tests', 'Fatigue Panel', 1, 200.00),
(269, 6489649473, 'Medicine', 'Ranitidine', 2, 15.00),
(270, 6489649474, 'Medicine', 'Paracetamol', 2, 10.00),
(271, 6489649474, 'Tests', 'Chest X-Ray', 1, 300.00),
(272, 6489649475, 'Equipment', 'IV Catheter', 1, 10.00),
(273, 6489649476, 'Medicine', 'Cetirizine', 2, 12.00),
(274, 6489649478, 'Medicine', 'Amoxicillin', 3, 15.00),
(275, 6489649478, 'Tests', 'Throat Swab', 1, 80.00),
(276, 6489649479, 'Medicine', 'Gabapentin', 2, 30.00),
(277, 6489649480, 'Medicine', 'Paracetamol', 2, 10.00),
(278, 6489649480, 'Tests', 'Malaria Test', 1, 150.00),
(279, 6489649481, 'Medicine', 'Lisinopril', 1, 18.00),
(280, 6489649482, 'Medicine', 'Cetirizine', 2, 12.00),
(281, 6489649482, 'Tests', 'Skin Biopsy', 1, 300.00),
(282, 6489649484, 'Medicine', 'Amoxicillin', 3, 15.00),
(283, 6489649485, 'Medicine', 'Gabapentin', 2, 30.00),
(284, 6489649485, 'Tests', 'Fatigue Panel', 1, 200.00),
(285, 6489649486, 'Medicine', 'Ranitidine', 2, 15.00),
(286, 6489649487, 'Medicine', 'Paracetamol', 2, 10.00),
(287, 6489649487, 'Tests', 'Chest X-Ray', 1, 300.00),
(288, 6489649488, 'Equipment', 'IV Catheter', 1, 10.00),
(289, 6489649489, 'Medicine', 'Cetirizine', 2, 12.00),
(290, 6489649491, 'Medicine', 'Amoxicillin', 3, 15.00),
(291, 6489649491, 'Tests', 'Throat Swab', 1, 80.00),
(292, 6489649492, 'Medicine', 'Gabapentin', 2, 30.00),
(293, 6489649493, 'Medicine', 'Paracetamol', 2, 10.00),
(294, 6489649493, 'Tests', 'Malaria Test', 1, 150.00),
(295, 6489649494, 'Medicine', 'Lisinopril', 1, 18.00),
(296, 6489649495, 'Medicine', 'Cetirizine', 2, 12.00),
(297, 6489649495, 'Tests', 'Skin Biopsy', 1, 300.00),
(298, 6489649497, 'Medicine', 'Amoxicillin', 3, 15.00),
(299, 6489649498, 'Medicine', 'Gabapentin', 2, 30.00),
(300, 6489649498, 'Tests', 'Fatigue Panel', 1, 200.00),
(301, 6489649499, 'Medicine', 'Ranitidine', 2, 15.00),
(302, 6489649499, 'Tests', 'Ultrasound', 1, 400.00);



-- Payments (171 records, id: 1 - 171)
INSERT INTO Payments (id, patient_id, visit_id, amount, status, visit_type, created_date, payment_completion_date) VALUES
(1, 198906226, 6489649256, 60.00, 'Paid', 'Outpatient', '2024-06-21', '2024-06-25'),
(2, 198906227, 6489649257, 95.00, 'Unpaid', 'Inpatient', '2024-06-23', NULL),
(3, 198906229, 6489649259, 10.00, 'Paid', 'Outpatient', '2024-06-27', '2024-07-01'),
(4, 198906230, 6489649260, 118.00, 'Unpaid', 'Outpatient', '2024-06-29', NULL),
(5, 198906231, 6489649261, 312.00, 'Paid', 'Inpatient', '2024-07-01', '2024-07-05'),
(6, 198906233, 6489649263, 15.00, 'Unpaid', 'Outpatient', '2024-07-05', NULL),
(7, 198906134, 6489649264, 230.00, 'Paid', 'Inpatient', '2024-07-07', '2024-07-11'),
(8, 198906135, 6489649265, 15.00, 'Unpaid', 'Outpatient', '2024-07-09', NULL),
(9, 198906137, 6489649267, 10.00, 'Paid', 'Outpatient', '2024-07-13', '2024-07-17'),
(10, 198906138, 6489649268, 12.00, 'Unpaid', 'Inpatient', '2024-07-15', NULL),
(11, 198906140, 6489649270, 95.00, 'Paid', 'Outpatient', '2024-07-19', '2024-07-23'),
(12, 198906141, 6489649271, 30.00, 'Unpaid', 'Inpatient', '2024-07-21', NULL),
(13, 198906142, 6489649272, 160.00, 'Paid', 'Outpatient', '2024-07-23', '2024-07-27'),
(14, 198906143, 6489649273, 18.00, 'Unpaid', 'Outpatient', '2024-07-25', NULL),
(15, 198906146, 6489649276, 15.00, 'Paid', 'Inpatient', '2024-07-29', '2024-08-02'),
(16, 198906147, 6489649277, 230.00, 'Unpaid', 'Outpatient', '2024-07-31', NULL),
(17, 198906148, 6489649278, 15.00, 'Paid', 'Inpatient', '2024-08-02', '2024-08-06'),
(18, 198906148, 6489649279, 320.00, 'Unpaid', 'Outpatient', '2024-08-04', NULL),
(19, 198906150, 6489649280, 10.00, 'Paid', 'Outpatient', '2024-08-08', '2024-08-12'),
(20, 198906151, 6489649281, 12.00, 'Unpaid', 'Inpatient', '2024-08-10', NULL),
(21, 198906153, 6489649283, 95.00, 'Paid', 'Outpatient', '2024-08-14', '2024-08-18'),
(22, 198906154, 6489649284, 30.00, 'Unpaid', 'Inpatient', '2024-08-16', NULL),
(23, 198906155, 6489649285, 160.00, 'Paid', 'Outpatient', '2024-08-18', '2024-08-22'),
(24, 198906156, 6489649286, 18.00, 'Unpaid', 'Outpatient', '2024-08-20', NULL),
(25, 198906158, 6489649289, 15.00, 'Paid', 'Inpatient', '2024-08-26', '2024-08-30'),
(26, 198906159, 6489649290, 230.00, 'Unpaid', 'Outpatient', '2024-08-28', NULL),
(27, 198906160, 6489649291, 15.00, 'Paid', 'Inpatient', '2024-08-30', '2024-09-03'),
(28, 198906161, 6489649292, 320.00, 'Unpaid', 'Outpatient', '2024-09-01', NULL),
(29, 198906162, 6489649293, 10.00, 'Paid', 'Outpatient', '2024-09-03', '2024-09-07'),
(30, 198906163, 6489649294, 12.00, 'Unpaid', 'Inpatient', '2024-09-05', NULL),
(31, 198906165, 6489649296, 95.00, 'Paid', 'Outpatient', '2024-09-09', '2024-09-13'),
(32, 198906166, 6489649297, 30.00, 'Unpaid', 'Inpatient', '2024-09-11', NULL),
(33, 198906167, 6489649298, 160.00, 'Paid', 'Outpatient', '2024-09-13', '2024-09-17'),
(34, 198906168, 6489649299, 18.00, 'Unpaid', 'Outpatient', '2024-09-15', NULL),
(35, 198906170, 6489649302, 15.00, 'Paid', 'Inpatient', '2024-09-21', '2024-09-25'),
(36, 198906171, 6489649303, 230.00, 'Unpaid', 'Outpatient', '2024-09-23', NULL),
(37, 198906172, 6489649304, 15.00, 'Paid', 'Inpatient', '2024-09-25', '2024-09-29'),
(38, 198906173, 6489649305, 320.00, 'Unpaid', 'Outpatient', '2024-09-27', NULL),
(39, 198906174, 6489649306, 10.00, 'Paid', 'Outpatient', '2024-09-29', '2024-10-03'),
(40, 198906175, 6489649307, 12.00, 'Unpaid', 'Inpatient', '2024-10-01', NULL),
(41, 198906177, 6489649309, 95.00, 'Paid', 'Outpatient', '2024-10-05', '2024-10-09'),
(42, 198906178, 6489649310, 30.00, 'Unpaid', 'Inpatient', '2024-10-07', NULL),
(43, 198906179, 6489649311, 160.00, 'Paid', 'Outpatient', '2024-10-09', '2024-10-14'),
(44, 198906180, 6489649312, 18.00, 'Unpaid', 'Outpatient', '2024-10-11', NULL),
(45, 198906181, 6489649313, 312.00, 'Paid', 'Inpatient', '2024-10-13', '2024-10-18'),
(46, 198906183, 6489649315, 15.00, 'Unpaid', 'Outpatient', '2024-10-17', NULL),
(47, 198906184, 6489649316, 230.00, 'Paid', 'Inpatient', '2024-10-19', '2024-10-24'),
(48, 198906185, 6489649317, 15.00, 'Unpaid', 'Outpatient', '2024-10-21', NULL),
(49, 198906186, 6489649318, 320.00, 'Paid', 'Outpatient', '2024-10-23', '2024-10-28'),
(50, 198906187, 6489649319, 10.00, 'Unpaid', 'Inpatient', '2024-10-25', NULL),
(51, 198906188, 6489649320, 12.00, 'Paid', 'Outpatient', '2024-10-27', '2024-11-01'),
(52, 198906190, 6489649322, 95.00, 'Unpaid', 'Inpatient', '2024-10-31', NULL),
(53, 198906191, 6489649323, 30.00, 'Paid', 'Outpatient', '2024-11-02', '2024-11-07'),
(54, 198906192, 6489649324, 160.00, 'Unpaid', 'Outpatient', '2024-11-04', NULL),
(55, 198906193, 6489649325, 18.00, 'Paid', 'Inpatient', '2024-11-06', '2024-11-11'),
(56, 198906194, 6489649326, 312.00, 'Unpaid', 'Outpatient', '2024-11-08', NULL),
(57, 198906196, 6489649328, 15.00, 'Paid', 'Inpatient', '2024-11-12', '2024-11-17'),
(58, 198906197, 6489649329, 230.00, 'Unpaid', 'Outpatient', '2024-11-14', NULL),
(59, 198906198, 6489649330, 15.00, 'Paid', 'Inpatient', '2024-11-16', '2024-11-21'),
(60, 198906199, 6489649331, 320.00, 'Unpaid', 'Outpatient', '2024-11-18', NULL),
(61, 198906200, 6489649332, 10.00, 'Paid', 'Outpatient', '2024-11-20', '2024-11-25'),
(62, 198906201, 6489649333, 12.00, 'Unpaid', 'Inpatient', '2024-11-22', NULL),
(63, 198906203, 6489649335, 95.00, 'Paid', 'Outpatient', '2024-11-26', '2024-12-01'),
(64, 198906204, 6489649336, 30.00, 'Unpaid', 'Inpatient', '2024-11-28', NULL),
(65, 198906205, 6489649337, 160.00, 'Paid', 'Outpatient', '2024-11-30', '2024-12-05'),
(66, 198906206, 6489649338, 18.00, 'Unpaid', 'Outpatient', '2024-12-02', NULL),
(67, 198906207, 6489649339, 312.00, 'Paid', 'Inpatient', '2024-12-04', '2024-12-09'),
(68, 198906209, 6489649341, 15.00, 'Unpaid', 'Outpatient', '2024-12-08', NULL),
(69, 198906210, 6489649342, 230.00, 'Paid', 'Inpatient', '2024-12-10', '2024-12-15'),
(70, 198906211, 6489649343, 15.00, 'Unpaid', 'Outpatient', '2024-12-12', NULL),
(71, 198906212, 6489649344, 320.00, 'Paid', 'Outpatient', '2024-12-14', '2024-12-19'),
(72, 198906213, 6489649345, 10.00, 'Unpaid', 'Inpatient', '2024-12-16', NULL),
(73, 198906214, 6489649346, 12.00, 'Paid', 'Outpatient', '2024-12-18', '2024-12-23'),
(74, 198906216, 6489649348, 95.00, 'Unpaid', 'Inpatient', '2024-12-22', NULL),
(75, 198906217, 6489649349, 30.00, 'Paid', 'Outpatient', '2024-12-24', '2024-12-29'),
(76, 198906218, 6489649350, 160.00, 'Unpaid', 'Outpatient', '2024-12-26', NULL),
(77, 198906219, 6489649351, 18.00, 'Paid', 'Inpatient', '2024-12-28', '2025-01-02'),
(78, 198906220, 6489649352, 312.00, 'Unpaid', 'Outpatient', '2025-01-01', NULL),
(79, 198906222, 6489649354, 15.00, 'Paid', 'Inpatient', '2025-01-05', '2025-01-10'),
(80, 198906223, 6489649355, 230.00, 'Unpaid', 'Outpatient', '2025-01-07', NULL),
(81, 198906224, 6489649356, 15.00, 'Paid', 'Outpatient', '2025-01-09', '2025-01-14'),
(82, 198906225, 6489649357, 320.00, 'Unpaid', 'Inpatient', '2025-01-11', NULL),
(83, 198906226, 6489649358, 10.00, 'Paid', 'Outpatient', '2025-01-13', '2025-01-18'),
(84, 198906227, 6489649359, 12.00, 'Unpaid', 'Inpatient', '2025-01-15', NULL),
(85, 198906229, 6489649361, 95.00, 'Paid', 'Outpatient', '2025-01-19', '2025-01-24'),
(86, 198906230, 6489649362, 30.00, 'Unpaid', 'Inpatient', '2025-01-21', NULL),
(87, 198906231, 6489649363, 160.00, 'Paid', 'Outpatient', '2025-01-23', '2025-01-28'),
(88, 198906232, 6489649364, 18.00, 'Unpaid', 'Outpatient', '2025-01-25', NULL),
(89, 198906233, 6489649365, 312.00, 'Paid', 'Inpatient', '2025-01-27', '2025-02-01'),
(90, 198906137, 6489649367, 15.00, 'Unpaid', 'Outpatient', '2025-01-31', NULL),
(91, 198906138, 6489649368, 230.00, 'Paid', 'Inpatient', '2025-02-02', '2025-02-07'),
(92, 198906139, 6489649369, 15.00, 'Unpaid', 'Outpatient', '2025-02-04', NULL),
(93, 198906140, 6489649370, 320.00, 'Paid', 'Outpatient', '2025-02-06', '2025-02-11'),
(94, 198906141, 6489649371, 10.00, 'Unpaid', 'Inpatient', '2025-02-08', NULL),
(95, 198906142, 6489649372, 12.00, 'Paid', 'Outpatient', '2025-02-10', '2025-02-15'),
(96, 198906144, 6489649374, 95.00, 'Unpaid', 'Inpatient', '2025-02-14', NULL),
(97, 198906145, 6489649375, 30.00, 'Paid', 'Outpatient', '2025-02-16', '2025-02-21'),
(98, 198906146, 6489649376, 160.00, 'Unpaid', 'Outpatient', '2025-02-18', NULL),
(99, 198906147, 6489649377, 18.00, 'Paid', 'Inpatient', '2025-02-20', '2025-02-25'),
(100, 198906148, 6489649378, 312.00, 'Unpaid', 'Outpatient', '2025-02-22', NULL),
(101, 198906150, 6489649380, 15.00, 'Paid', 'Outpatient', '2025-02-26', '2025-03-03'),
(102, 198906151, 6489649381, 230.00, 'Unpaid', 'Inpatient', '2025-02-28', NULL),
(103, 198906152, 6489649382, 15.00, 'Paid', 'Outpatient', '2025-03-02', '2025-03-07'),
(104, 198906153, 6489649383, 320.00, 'Unpaid', 'Outpatient', '2025-03-04', NULL),
(105, 198906154, 6489649384, 10.00, 'Paid', 'Inpatient', '2025-03-06', '2025-03-11'),
(106, 198906155, 6489649385, 12.00, 'Unpaid', 'Outpatient', '2025-03-08', NULL),
(107, 198906157, 6489649387, 95.00, 'Paid', 'Inpatient', '2025-03-12', '2025-03-17'),
(108, 198906158, 6489649388, 30.00, 'Unpaid', 'Outpatient', '2025-03-14', NULL),
(109, 198906159, 6489649389, 160.00, 'Paid', 'Outpatient', '2025-03-16', '2025-03-21'),
(110, 198906160, 6489649390, 18.00, 'Unpaid', 'Inpatient', '2025-03-18', NULL),
(111, 198906161, 6489649391, 312.00, 'Paid', 'Outpatient', '2025-03-20', '2025-03-25'),
(112, 198906163, 6489649393, 15.00, 'Unpaid', 'Outpatient', '2025-03-24', NULL),
(113, 198906164, 6489649394, 230.00, 'Paid', 'Inpatient', '2025-03-26', '2025-03-31'),
(114, 198906165, 6489649395, 15.00, 'Unpaid', 'Outpatient', '2025-03-28', NULL),
(115, 198906166, 6489649396, 320.00, 'Paid', 'Outpatient', '2025-03-30', '2025-04-04'),
(116, 198906167, 6489649397, 10.00, 'Unpaid', 'Inpatient', '2025-04-01', NULL),
(117, 198906168, 6489649398, 12.00, 'Paid', 'Outpatient', '2025-04-03', '2025-04-08'),
(118, 198906170, 6489649400, 95.00, 'Unpaid', 'Inpatient', '2025-04-07', NULL),
(119, 198906171, 6489649401, 30.00, 'Paid', 'Outpatient', '2025-04-09', '2025-04-14'),
(120, 198906172, 6489649402, 160.00, 'Unpaid', 'Outpatient', '2025-04-11', NULL),
(121, 198906173, 6489649403, 18.00, 'Paid', 'Inpatient', '2025-04-13', '2025-04-18'),
(122, 198906174, 6489649404, 312.00, 'Unpaid', 'Outpatient', '2025-04-15', NULL),
(123, 198906176, 6489649406, 15.00, 'Paid', 'Outpatient', '2025-04-17', '2025-04-19'),
(124, 198906177, 6489649407, 230.00, 'Unpaid', 'Inpatient', '2025-04-19', NULL),
(125, 198906178, 6489649408, 15.00, 'Paid', 'Outpatient', '2025-04-21', '2025-04-19'),
(126, 198906179, 6489649409, 320.00, 'Unpaid', 'Outpatient', '2025-04-23', NULL),
(127, 198906180, 6489649410, 10.00, 'Paid', 'Inpatient', '2025-04-25', '2025-04-19'),
(128, 198906181, 6489649411, 12.00, 'Unpaid', 'Outpatient', '2025-04-27', NULL),
(129, 198906183, 6489649413, 95.00, 'Paid', 'Outpatient', '2025-05-01', '2025-04-19'),
(130, 198906184, 6489649414, 30.00, 'Unpaid', 'Inpatient', '2025-05-03', NULL),
(131, 198906185, 6489649415, 160.00, 'Paid', 'Outpatient', '2025-05-05', '2025-04-19'),
(132, 198906186, 6489649416, 18.00, 'Unpaid', 'Outpatient', '2025-05-07', NULL),
(133, 198906187, 6489649417, 312.00, 'Paid', 'Inpatient', '2025-05-09', '2025-04-19'),
(134, 198906189, 6489649419, 15.00, 'Unpaid', 'Outpatient', '2025-05-13', NULL),
(135, 198906190, 6489649420, 230.00, 'Paid', 'Inpatient', '2025-05-15', '2025-04-19'),
(136, 198906191, 6489649421, 15.00, 'Unpaid', 'Outpatient', '2025-05-17', NULL),
(137, 198906192, 6489649422, 320.00, 'Paid', 'Outpatient', '2025-05-19', '2025-04-19'),
(138, 198906193, 6489649423, 10.00, 'Unpaid', 'Inpatient', '2025-05-21', NULL),
(139, 198906194, 6489649424, 12.00, 'Paid', 'Outpatient', '2025-05-23', '2025-04-19'),
(140, 198906196, 6489649426, 95.00, 'Unpaid', 'Inpatient', '2025-05-27', NULL),
(141, 198906197, 6489649427, 30.00, 'Paid', 'Outpatient', '2025-05-29', '2025-04-19'),
(142, 198906198, 6489649428, 160.00, 'Unpaid', 'Outpatient', '2025-05-31', NULL),
(143, 198906199, 6489649429, 18.00, 'Paid', 'Inpatient', '2025-06-02', '2025-04-19'),
(144, 198906200, 6489649430, 312.00, 'Unpaid', 'Outpatient', '2025-06-04', NULL),
(145, 198906202, 6489649432, 15.00, 'Paid', 'Outpatient', '2025-06-08', '2025-04-19'),
(146, 198906203, 6489649433, 230.00, 'Unpaid', 'Inpatient', '2025-06-10', NULL),
(147, 198906204, 6489649434, 15.00, 'Paid', 'Outpatient', '2025-06-12', '2025-04-19'),
(148, 198906205, 6489649435, 320.00, 'Unpaid', 'Outpatient', '2025-06-14', NULL),
(149, 198906206, 6489649436, 10.00, 'Paid', 'Inpatient', '2025-06-16', '2025-04-19'),
(150, 198906207, 6489649437, 12.00, 'Unpaid', 'Outpatient', '2025-06-18', NULL),
(151, 198906209, 6489649439, 95.00, 'Paid', 'Outpatient', '2025-06-22', '2025-04-19'),
(152, 198906210, 6489649440, 30.00, 'Unpaid', 'Inpatient', '2025-06-24', NULL),
(153, 198906211, 6489649441, 160.00, 'Paid', 'Outpatient', '2025-06-26', '2025-04-19'),
(154, 198906212, 6489649442, 18.00, 'Unpaid', 'Outpatient', '2025-06-28', NULL),
(155, 198906213, 6489649443, 312.00, 'Paid', 'Inpatient', '2025-06-30', '2025-04-19'),
(156, 198906215, 6489649445, 15.00, 'Unpaid', 'Outpatient', '2025-07-04', NULL),
(157, 198906216, 6489649446, 230.00, 'Paid', 'Inpatient', '2025-07-06', '2025-04-19'),
(158, 198906217, 6489649447, 15.00, 'Unpaid', 'Outpatient', '2025-07-08', NULL),
(159, 198906218, 6489649448, 320.00, 'Paid', 'Outpatient', '2025-07-10', '2025-04-19'),
(160, 198906219, 6489649449, 10.00, 'Unpaid', 'Inpatient', '2025-07-12', NULL),
(161, 198906220, 6489649450, 12.00, 'Paid', 'Outpatient', '2025-07-14', '2025-04-19'),
(162, 198906222, 6489649452, 95.00, 'Unpaid', 'Inpatient', '2025-07-18', NULL),
(163, 198906223, 6489649453, 30.00, 'Paid', 'Outpatient', '2025-07-20', '2025-04-19'),
(164, 198906224, 6489649454, 160.00, 'Unpaid', 'Outpatient', '2025-07-22', NULL),
(165, 198906225, 6489649455, 18.00, 'Paid', 'Inpatient', '2025-07-24', '2025-04-19'),
(166, 198906226, 6489649456, 312.00, 'Unpaid', 'Outpatient', '2025-07-26', NULL),
(167, 198906228, 6489649458, 15.00, 'Paid', 'Outpatient', '2025-07-30', '2025-04-19'),
(168, 198906229, 6489649459, 230.00, 'Unpaid', 'Inpatient', '2025-08-01', NULL),
(169, 198906230, 6489649460, 15.00, 'Paid', 'Outpatient', '2025-08-03', '2025-04-19'),
(170, 198906231, 6489649461, 320.00, 'Unpaid', 'Outpatient', '2025-08-05', NULL),
(171, 198906232, 6489649462, 10.00, 'Paid', 'Inpatient', '2025-08-07', '2025-04-19');

-- PaymentItems (302 records, id: 1 - 302)
INSERT INTO PaymentItems (id, payment_id, type, description, quantity, amount) VALUES
(1, 1, 'Medicine', 'Ibuprofen', 2, 10.00),
(2, 1, 'Test', 'Complete Blood Count', 1, 50.00),
(3, 2, 'Medicine', 'Amoxicillin', 3, 15.00),
(4, 2, 'Test', 'Throat Swab', 1, 80.00),
(5, 3, 'Medicine', 'Paracetamol', 2, 10.00),
(6, 4, 'Medicine', 'Lisinopril', 1, 18.00),
(7, 4, 'Test', 'Blood Pressure Test', 1, 100.00),
(8, 5, 'Medicine', 'Cetirizine', 2, 12.00),
(9, 5, 'Test', 'Skin Biopsy', 1, 300.00),
(10, 6, 'Medicine', 'Amoxicillin', 3, 15.00),
(11, 7, 'Medicine', 'Gabapentin', 2, 30.00),
(12, 7, 'Test', 'Fatigue Panel', 1, 200.00),
(13, 8, 'Medicine', 'Ranitidine', 2, 15.00),
(14, 9, 'Medicine', 'Paracetamol', 2, 10.00),
(15, 9, 'Test', 'Chest X-Ray', 1, 300.00),
(16, 10, 'Equipment', 'IV Catheter', 1, 10.00),
(17, 11, 'Medicine', 'Cetirizine', 2, 12.00),
(18, 12, 'Medicine', 'Amoxicillin', 3, 15.00),
(19, 12, 'Test', 'Throat Swab', 1, 80.00),
(20, 13, 'Medicine', 'Gabapentin', 2, 30.00),
(21, 14, 'Medicine', 'Paracetamol', 2, 10.00),
(22, 14, 'Test', 'Malaria Test', 1, 150.00),
(23, 15, 'Medicine', 'Lisinopril', 1, 18.00),
(24, 16, 'Medicine', 'Cetirizine', 2, 12.00),
(25, 16, 'Test', 'Skin Biopsy', 1, 300.00),
(26, 17, 'Medicine', 'Amoxicillin', 3, 15.00),
(27, 18, 'Medicine', 'Gabapentin', 2, 30.00),
(28, 18, 'Test', 'Fatigue Panel', 1, 200.00),
(29, 19, 'Medicine', 'Ranitidine', 2, 15.00),
(30, 20, 'Medicine', 'Paracetamol', 2, 10.00),
(31, 20, 'Test', 'Chest X-Ray', 1, 300.00),
(32, 21, 'Equipment', 'IV Catheter', 1, 10.00),
(33, 22, 'Medicine', 'Cetirizine', 2, 12.00),
(34, 23, 'Medicine', 'Amoxicillin', 3, 15.00),
(35, 23, 'Test', 'Throat Swab', 1, 80.00),
(36, 24, 'Medicine', 'Gabapentin', 2, 30.00),
(37, 25, 'Medicine', 'Paracetamol', 2, 10.00),
(38, 25, 'Test', 'Malaria Test', 1, 150.00),
(39, 26, 'Medicine', 'Lisinopril', 1, 18.00),
(40, 27, 'Medicine', 'Cetirizine', 2, 12.00),
(41, 27, 'Test', 'Skin Biopsy', 1, 300.00),
(42, 28, 'Medicine', 'Amoxicillin', 3, 15.00),
(43, 29, 'Medicine', 'Gabapentin', 2, 30.00),
(44, 29, 'Test', 'Fatigue Panel', 1, 200.00),
(45, 30, 'Medicine', 'Ranitidine', 2, 15.00),
(46, 31, 'Medicine', 'Paracetamol', 2, 10.00),
(47, 31, 'Test', 'Chest X-Ray', 1, 300.00),
(48, 32, 'Equipment', 'IV Catheter', 1, 10.00),
(49, 33, 'Medicine', 'Cetirizine', 2, 12.00),
(50, 34, 'Medicine', 'Amoxicillin', 3, 15.00),
(51, 34, 'Test', 'Throat Swab', 1, 80.00),
(52, 35, 'Medicine', 'Gabapentin', 2, 30.00),
(53, 36, 'Medicine', 'Paracetamol', 2, 10.00),
(54, 36, 'Test', 'Malaria Test', 1, 150.00),
(55, 37, 'Medicine', 'Lisinopril', 1, 18.00),
(56, 38, 'Medicine', 'Cetirizine', 2, 12.00),
(57, 38, 'Test', 'Skin Biopsy', 1, 300.00),
(58, 39, 'Medicine', 'Amoxicillin', 3, 15.00),
(59, 40, 'Medicine', 'Gabapentin', 2, 30.00),
(60, 40, 'Test', 'Fatigue Panel', 1, 200.00),
(61, 41, 'Medicine', 'Ranitidine', 2, 15.00),
(62, 42, 'Medicine', 'Gabapentin', 2, 30.00),
(63, 43, 'Medicine', 'Paracetamol', 2, 10.00),
(64, 43, 'Test', 'Malaria Test', 1, 150.00),
(65, 44, 'Medicine', 'Lisinopril', 1, 18.00),
(66, 45, 'Medicine', 'Cetirizine', 2, 12.00),
(67, 45, 'Test', 'Skin Biopsy', 1, 300.00),
(68, 46, 'Medicine', 'Amoxicillin', 3, 15.00),
(69, 47, 'Medicine', 'Gabapentin', 2, 30.00),
(70, 47, 'Test', 'Fatigue Panel', 1, 200.00),
(71, 48, 'Medicine', 'Ranitidine', 2, 15.00),
(72, 49, 'Medicine', 'Paracetamol', 2, 10.00),
(73, 49, 'Test', 'Chest X-Ray', 1, 300.00),
(74, 50, 'Equipment', 'IV Catheter', 1, 10.00),
(75, 51, 'Medicine', 'Cetirizine', 2, 12.00),
(76, 52, 'Medicine', 'Amoxicillin', 3, 15.00),
(77, 52, 'Test', 'Throat Swab', 1, 80.00),
(78, 53, 'Medicine', 'Gabapentin', 2, 30.00),
(79, 54, 'Medicine', 'Paracetamol', 2, 10.00),
(80, 54, 'Test', 'Malaria Test', 1, 150.00),
(81, 55, 'Medicine', 'Lisinopril', 1, 18.00),
(82, 56, 'Medicine', 'Cetirizine', 2, 12.00),
(83, 56, 'Test', 'Skin Biopsy', 1, 300.00),
(84, 57, 'Medicine', 'Amoxicillin', 3, 15.00),
(85, 58, 'Medicine', 'Gabapentin', 2, 30.00),
(86, 58, 'Test', 'Fatigue Panel', 1, 200.00),
(87, 59, 'Medicine', 'Ranitidine', 2, 15.00),
(88, 60, 'Medicine', 'Paracetamol', 2, 10.00),
(89, 60, 'Test', 'Chest X-Ray', 1, 300.00),
(90, 61, 'Equipment', 'IV Catheter', 1, 10.00),
(91, 62, 'Medicine', 'Cetirizine', 2, 12.00),
(92, 63, 'Medicine', 'Amoxicillin', 3, 15.00),
(93, 63, 'Test', 'Throat Swab', 1, 80.00),
(94, 64, 'Medicine', 'Gabapentin', 2, 30.00),
(95, 65, 'Medicine', 'Paracetamol', 2, 10.00),
(96, 65, 'Test', 'Malaria Test', 1, 150.00),
(97, 66, 'Medicine', 'Lisinopril', 1, 18.00),
(98, 67, 'Medicine', 'Cetirizine', 2, 12.00),
(99, 67, 'Test', 'Skin Biopsy', 1, 300.00),
(100, 68, 'Medicine', 'Amoxicillin', 3, 15.00),
(101, 69, 'Medicine', 'Gabapentin', 2, 30.00),
(102, 69, 'Test', 'Fatigue Panel', 1, 200.00),
(103, 70, 'Medicine', 'Ranitidine', 2, 15.00),
(104, 71, 'Medicine', 'Paracetamol', 2, 10.00),
(105, 71, 'Test', 'Chest X-Ray', 1, 300.00),
(106, 72, 'Equipment', 'IV Catheter', 1, 10.00),
(107, 73, 'Medicine', 'Cetirizine', 2, 12.00),
(108, 74, 'Medicine', 'Amoxicillin', 3, 15.00),
(109, 74, 'Test', 'Throat Swab', 1, 80.00),
(110, 75, 'Medicine', 'Gabapentin', 2, 30.00),
(111, 76, 'Medicine', 'Paracetamol', 2, 10.00),
(112, 76, 'Test', 'Malaria Test', 1, 150.00),
(113, 77, 'Medicine', 'Lisinopril', 1, 18.00),
(114, 78, 'Medicine', 'Cetirizine', 2, 12.00),
(115, 78, 'Test', 'Skin Biopsy', 1, 300.00),
(116, 79, 'Medicine', 'Amoxicillin', 3, 15.00),
(117, 80, 'Medicine', 'Gabapentin', 2, 30.00),
(118, 80, 'Test', 'Fatigue Panel', 1, 200.00),
(119, 81, 'Medicine', 'Ranitidine', 2, 15.00),
(120, 82, 'Medicine', 'Paracetamol', 2, 10.00),
(121, 82, 'Test', 'Chest X-Ray', 1, 300.00),
(122, 83, 'Equipment', 'IV Catheter', 1, 10.00),
(123, 84, 'Medicine', 'Cetirizine', 2, 12.00),
(124, 85, 'Medicine', 'Amoxicillin', 3, 15.00),
(125, 85, 'Test', 'Throat Swab', 1, 80.00),
(126, 86, 'Medicine', 'Gabapentin', 2, 30.00),
(127, 87, 'Medicine', 'Paracetamol', 2, 10.00),
(128, 87, 'Test', 'Malaria Test', 1, 150.00),
(129, 88, 'Medicine', 'Lisinopril', 1, 18.00),
(130, 89, 'Medicine', 'Cetirizine', 2, 12.00),
(131, 89, 'Test', 'Skin Biopsy', 1, 300.00),
(132, 90, 'Medicine', 'Amoxicillin', 3, 15.00),
(133, 91, 'Medicine', 'Gabapentin', 2, 30.00),
(134, 91, 'Test', 'Fatigue Panel', 1, 200.00),
(135, 92, 'Medicine', 'Ranitidine', 2, 15.00),
(136, 93, 'Medicine', 'Paracetamol', 2, 10.00),
(137, 93, 'Test', 'Chest X-Ray', 1, 300.00),
(138, 94, 'Equipment', 'IV Catheter', 1, 10.00),
(139, 95, 'Medicine', 'Cetirizine', 2, 12.00),
(140, 96, 'Medicine', 'Amoxicillin', 3, 15.00),
(141, 96, 'Test', 'Throat Swab', 1, 80.00),
(142, 97, 'Medicine', 'Gabapentin', 2, 30.00),
(143, 98, 'Medicine', 'Paracetamol', 2, 10.00),
(144, 98, 'Test', 'Malaria Test', 1, 150.00),
(145, 99, 'Medicine', 'Lisinopril', 1, 18.00),
(146, 100, 'Medicine', 'Cetirizine', 2, 12.00),
(147, 100, 'Test', 'Skin Biopsy', 1, 300.00),
(148, 101, 'Medicine', 'Amoxicillin', 3, 15.00),
(149, 102, 'Medicine', 'Gabapentin', 2, 30.00),
(150, 102, 'Test', 'Fatigue Panel', 1, 200.00),
(151, 103, 'Medicine', 'Ranitidine', 2, 15.00),
(152, 104, 'Medicine', 'Paracetamol', 2, 10.00),
(153, 104, 'Test', 'Chest X-Ray', 1, 300.00),
(154, 105, 'Equipment', 'IV Catheter', 1, 10.00),
(155, 106, 'Medicine', 'Cetirizine', 2, 12.00),
(156, 107, 'Medicine', 'Amoxicillin', 3, 15.00),
(157, 107, 'Test', 'Throat Swab', 1, 80.00),
(158, 108, 'Medicine', 'Gabapentin', 2, 30.00),
(159, 109, 'Medicine', 'Paracetamol', 2, 10.00),
(160, 109, 'Test', 'Malaria Test', 1, 150.00),
(161, 110, 'Medicine', 'Lisinopril', 1, 18.00),
(162, 111, 'Medicine', 'Cetirizine', 2, 12.00),
(163, 111, 'Test', 'Skin Biopsy', 1, 300.00),
(164, 112, 'Medicine', 'Amoxicillin', 3, 15.00),
(165, 113, 'Medicine', 'Gabapentin', 2, 30.00),
(166, 113, 'Test', 'Fatigue Panel', 1, 200.00),
(167, 114, 'Medicine', 'Ranitidine', 2, 15.00),
(168, 115, 'Medicine', 'Paracetamol', 2, 10.00),
(169, 115, 'Test', 'Chest X-Ray', 1, 300.00),
(170, 116, 'Equipment', 'IV Catheter', 1, 10.00),
(171, 117, 'Medicine', 'Cetirizine', 2, 12.00),
(172, 118, 'Medicine', 'Amoxicillin', 3, 15.00),
(173, 118, 'Test', 'Throat Swab', 1, 80.00),
(174, 119, 'Medicine', 'Gabapentin', 2, 30.00),
(175, 120, 'Medicine', 'Paracetamol', 2, 10.00),
(176, 120, 'Test', 'Malaria Test', 1, 150.00),
(177, 121, 'Medicine', 'Lisinopril', 1, 18.00),
(178, 122, 'Medicine', 'Cetirizine', 2, 12.00),
(179, 122, 'Test', 'Skin Biopsy', 1, 300.00),
(180, 123, 'Medicine', 'Amoxicillin', 3, 15.00),
(181, 124, 'Medicine', 'Gabapentin', 2, 30.00),
(182, 124, 'Test', 'Fatigue Panel', 1, 200.00),
(183, 125, 'Medicine', 'Ranitidine', 2, 15.00),
(184, 126, 'Medicine', 'Paracetamol', 2, 10.00),
(185, 126, 'Test', 'Chest X-Ray', 1, 300.00),
(186, 127, 'Equipment', 'IV Catheter', 1, 10.00),
(187, 128, 'Medicine', 'Cetirizine', 2, 12.00),
(188, 129, 'Medicine', 'Amoxicillin', 3, 15.00),
(189, 129, 'Test', 'Throat Swab', 1, 80.00),
(190, 130, 'Medicine', 'Gabapentin', 2, 30.00),
(191, 131, 'Medicine', 'Paracetamol', 2, 10.00),
(192, 131, 'Test', 'Malaria Test', 1, 150.00),
(193, 132, 'Medicine', 'Lisinopril', 1, 18.00),
(194, 133, 'Medicine', 'Cetirizine', 2, 12.00),
(195, 133, 'Test', 'Skin Biopsy', 1, 300.00),
(196, 134, 'Medicine', 'Amoxicillin', 3, 15.00),
(197, 135, 'Medicine', 'Gabapentin', 2, 30.00),
(198, 135, 'Test', 'Fatigue Panel', 1, 200.00),
(199, 136, 'Medicine', 'Ranitidine', 2, 15.00),
(200, 137, 'Medicine', 'Paracetamol', 2, 10.00),
(201, 137, 'Test', 'Chest X-Ray', 1, 300.00),
(202, 138, 'Equipment', 'IV Catheter', 1, 10.00),
(203, 139, 'Medicine', 'Cetirizine', 2, 12.00),
(204, 140, 'Medicine', 'Amoxicillin', 3, 15.00),
(205, 140, 'Test', 'Throat Swab', 1, 80.00),
(206, 141, 'Medicine', 'Gabapentin', 2, 30.00),
(207, 142, 'Medicine', 'Paracetamol', 2, 10.00),
(208, 142, 'Test', 'Malaria Test', 1, 150.00),
(209, 143, 'Medicine', 'Lisinopril', 1, 18.00),
(210, 144, 'Medicine', 'Cetirizine', 2, 12.00),
(211, 144, 'Test', 'Skin Biopsy', 1, 300.00),
(212, 145, 'Medicine', 'Amoxicillin', 3, 15.00),
(213, 146, 'Medicine', 'Gabapentin', 2, 30.00),
(214, 146, 'Test', 'Fatigue Panel', 1, 200.00),
(215, 147, 'Medicine', 'Ranitidine', 2, 15.00),
(216, 148, 'Medicine', 'Paracetamol', 2, 10.00),
(217, 148, 'Test', 'Chest X-Ray', 1, 300.00),
(218, 149, 'Equipment', 'IV Catheter', 1, 10.00),
(219, 150, 'Medicine', 'Cetirizine', 2, 12.00),
(220, 151, 'Medicine', 'Amoxicillin', 3, 15.00),
(221, 151, 'Test', 'Throat Swab', 1, 80.00),
(222, 152, 'Medicine', 'Gabapentin', 2, 30.00),
(223, 153, 'Medicine', 'Paracetamol', 2, 10.00),
(224, 153, 'Test', 'Malaria Test', 1, 150.00),
(225, 154, 'Medicine', 'Lisinopril', 1, 18.00),
(226, 155, 'Medicine', 'Cetirizine', 2, 12.00),
(227, 155, 'Test', 'Skin Biopsy', 1, 300.00),
(228, 156, 'Medicine', 'Amoxicillin', 3, 15.00),
(229, 157, 'Medicine', 'Gabapentin', 2, 30.00),
(230, 157, 'Test', 'Fatigue Panel', 1, 200.00),
(231, 158, 'Medicine', 'Ranitidine', 2, 15.00),
(232, 159, 'Medicine', 'Paracetamol', 2, 10.00),
(233, 159, 'Test', 'Chest X-Ray', 1, 300.00),
(234, 160, 'Equipment', 'IV Catheter', 1, 10.00),
(235, 161, 'Medicine', 'Cetirizine', 2, 12.00),
(236, 162, 'Medicine', 'Amoxicillin', 3, 15.00),
(237, 162, 'Test', 'Throat Swab', 1, 80.00),
(238, 163, 'Medicine', 'Gabapentin', 2, 30.00),
(239, 164, 'Medicine', 'Paracetamol', 2, 10.00),
(240, 164, 'Test', 'Malaria Test', 1, 150.00),
(241, 165, 'Medicine', 'Lisinopril', 1, 18.00),
(242, 166, 'Medicine', 'Cetirizine', 2, 12.00),
(243, 166, 'Test', 'Skin Biopsy', 1, 300.00),
(244, 167, 'Medicine', 'Amoxicillin', 3, 15.00),
(245, 168, 'Medicine', 'Gabapentin', 2, 30.00),
(246, 168, 'Test', 'Fatigue Panel', 1, 200.00),
(247, 169, 'Medicine', 'Ranitidine', 2, 15.00),
(248, 170, 'Medicine', 'Paracetamol', 2, 10.00),
(249, 170, 'Test', 'Chest X-Ray', 1, 300.00),
(250, 171, 'Equipment', 'IV Catheter', 1, 10.00);

-- Appointments (300 records, id: 2025416345 - 2025416644)
INSERT INTO Appointments (id, patient_id, doctor_id, time, status) VALUES
(2025416345, 198906134, 198906044, '2025-01-01 09:00:00', 'CheckedIn'),
(2025416346, 198906135, 198906045, '2025-01-02 10:30:00', 'Cancelled'),
(2025416347, 198906136, 198906046, '2025-01-03 11:00:00', 'NoShow'),
(2025416348, 198906137, 198906047, '2025-01-04 13:15:00', 'CheckedIn'),
(2025416349, 198906138, 198906048, '2025-01-05 14:00:00', 'Cancelled'),
(2025416350, 198906139, 198906049, '2025-01-06 15:30:00', 'NoShow'),
(2025416351, 198906140, 198906050, '2025-01-07 09:00:00', 'CheckedIn'),
(2025416352, 198906141, 198906051, '2025-01-08 10:00:00', 'Cancelled'),
(2025416353, 198906142, 198906052, '2025-01-09 11:30:00', 'NoShow'),
(2025416354, 198906143, 198906053, '2025-01-10 13:00:00', 'CheckedIn'),
(2025416355, 198906144, 198906054, '2025-01-11 14:15:00', 'Cancelled'),
(2025416356, 198906145, 198906055, '2025-01-12 15:00:00', 'NoShow'),
(2025416357, 198906146, 198906056, '2025-01-13 09:30:00', 'CheckedIn'),
(2025416358, 198906147, 198906057, '2025-01-14 10:00:00', 'Cancelled'),
(2025416359, 198906148, 198906058, '2025-01-15 11:00:00', 'NoShow'),
(2025416360, 198906149, 198906059, '2025-01-16 13:15:00', 'CheckedIn'),
(2025416361, 198906150, 198906060, '2025-01-17 14:00:00', 'Cancelled'),
(2025416362, 198906151, 198906061, '2025-01-18 15:30:00', 'NoShow'),
(2025416363, 198906152, 198906062, '2025-01-19 09:00:00', 'CheckedIn'),
(2025416364, 198906153, 198906063, '2025-01-20 10:30:00', 'Cancelled'),
(2025416365, 198906154, 198906064, '2025-01-21 11:00:00', 'NoShow'),
(2025416366, 198906155, 198906065, '2025-01-22 13:00:00', 'CheckedIn'),
(2025416367, 198906156, 198906066, '2025-01-23 14:15:00', 'Cancelled'),
(2025416368, 198906157, 198906067, '2025-01-24 15:00:00', 'NoShow'),
(2025416369, 198906158, 198906068, '2025-01-25 09:30:00', 'CheckedIn'),
(2025416370, 198906159, 198906069, '2025-01-26 10:00:00', 'Cancelled'),
(2025416371, 198906160, 198906070, '2025-01-27 11:00:00', 'NoShow'),
(2025416372, 198906161, 198906071, '2025-01-28 13:15:00', 'CheckedIn'),
(2025416373, 198906162, 198906072, '2025-01-29 14:00:00', 'Cancelled'),
(2025416374, 198906163, 198906073, '2025-01-30 15:30:00', 'NoShow'),
(2025416375, 198906164, 198906044, '2025-01-31 09:00:00', 'CheckedIn'),
(2025416376, 198906165, 198906045, '2025-02-01 10:30:00', 'Cancelled'),
(2025416377, 198906166, 198906046, '2025-02-02 11:00:00', 'NoShow'),
(2025416378, 198906167, 198906047, '2025-02-03 13:00:00', 'CheckedIn'),
(2025416379, 198906168, 198906048, '2025-02-04 14:15:00', 'Cancelled'),
(2025416380, 198906169, 198906049, '2025-02-05 15:00:00', 'NoShow'),
(2025416381, 198906170, 198906050, '2025-02-06 09:30:00', 'CheckedIn'),
(2025416382, 198906171, 198906051, '2025-02-07 10:00:00', 'Cancelled'),
(2025416383, 198906172, 198906052, '2025-02-08 11:00:00', 'NoShow'),
(2025416384, 198906173, 198906053, '2025-02-09 13:15:00', 'CheckedIn'),
(2025416385, 198906174, 198906054, '2025-02-10 14:00:00', 'Cancelled'),
(2025416386, 198906175, 198906055, '2025-02-11 15:30:00', 'NoShow'),
(2025416387, 198906176, 198906056, '2025-02-12 09:00:00', 'CheckedIn'),
(2025416388, 198906177, 198906057, '2025-02-13 10:30:00', 'Cancelled'),
(2025416389, 198906178, 198906058, '2025-02-14 11:00:00', 'NoShow'),
(2025416390, 198906179, 198906059, '2025-02-15 13:00:00', 'CheckedIn'),
(2025416391, 198906180, 198906060, '2025-02-16 14:15:00', 'Cancelled'),
(2025416392, 198906181, 198906061, '2025-02-17 15:00:00', 'NoShow'),
(2025416393, 198906182, 198906062, '2025-02-18 09:30:00', 'CheckedIn'),
(2025416394, 198906183, 198906063, '2025-02-19 10:00:00', 'Cancelled'),
(2025416395, 198906184, 198906064, '2025-02-20 11:00:00', 'NoShow'),
(2025416396, 198906185, 198906065, '2025-02-21 13:15:00', 'CheckedIn'),
(2025416397, 198906186, 198906066, '2025-02-22 14:00:00', 'Cancelled'),
(2025416398, 198906187, 198906067, '2025-02-23 15:30:00', 'NoShow'),
(2025416399, 198906188, 198906068, '2025-02-24 09:00:00', 'CheckedIn'),
(2025416400, 198906189, 198906069, '2025-02-25 10:30:00', 'Cancelled'),
(2025416401, 198906190, 198906070, '2025-02-26 11:00:00', 'NoShow'),
(2025416402, 198906191, 198906071, '2025-02-27 13:00:00', 'CheckedIn'),
(2025416403, 198906192, 198906072, '2025-02-28 14:15:00', 'Cancelled'),
(2025416404, 198906193, 198906073, '2025-03-01 15:00:00', 'NoShow'),
(2025416405, 198906194, 198906044, '2025-03-02 09:30:00', 'CheckedIn'),
(2025416406, 198906195, 198906045, '2025-03-03 10:00:00', 'Cancelled'),
(2025416407, 198906196, 198906046, '2025-03-04 11:00:00', 'NoShow'),
(2025416408, 198906197, 198906047, '2025-03-05 13:15:00', 'CheckedIn'),
(2025416409, 198906198, 198906048, '2025-03-06 14:00:00', 'Cancelled'),
(2025416410, 198906199, 198906049, '2025-03-07 15:30:00', 'NoShow'),
(2025416411, 198906200, 198906050, '2025-03-08 09:00:00', 'CheckedIn'),
(2025416412, 198906201, 198906051, '2025-03-09 10:30:00', 'Cancelled'),
(2025416413, 198906202, 198906052, '2025-03-10 11:00:00', 'NoShow'),
(2025416414, 198906203, 198906053, '2025-03-11 13:00:00', 'CheckedIn'),
(2025416415, 198906204, 198906054, '2025-03-12 14:15:00', 'Cancelled'),
(2025416416, 198906205, 198906055, '2025-03-13 15:00:00', 'NoShow'),
(2025416417, 198906206, 198906056, '2025-03-14 09:30:00', 'CheckedIn'),
(2025416418, 198906207, 198906057, '2025-03-15 10:00:00', 'Cancelled'),
(2025416419, 198906208, 198906058, '2025-03-16 11:00:00', 'NoShow'),
(2025416420, 198906209, 198906059, '2025-03-17 13:15:00', 'CheckedIn'),
(2025416421, 198906210, 198906060, '2025-03-18 14:00:00', 'Cancelled'),
(2025416422, 198906211, 198906061, '2025-03-19 15:30:00', 'NoShow'),
(2025416423, 198906212, 198906062, '2025-03-20 09:00:00', 'CheckedIn'),
(2025416424, 198906213, 198906063, '2025-03-21 10:30:00', 'Cancelled'),
(2025416425, 198906214, 198906064, '2025-03-22 11:00:00', 'NoShow'),
(2025416426, 198906215, 198906065, '2025-03-23 13:00:00', 'CheckedIn'),
(2025416427, 198906216, 198906066, '2025-03-24 14:15:00', 'Cancelled'),
(2025416428, 198906217, 198906067, '2025-03-25 15:00:00', 'NoShow'),
(2025416429, 198906218, 198906068, '2025-03-26 09:30:00', 'CheckedIn'),
(2025416430, 198906219, 198906069, '2025-03-27 10:00:00', 'Cancelled'),
(2025416431, 198906220, 198906070, '2025-03-28 11:00:00', 'NoShow'),
(2025416432, 198906221, 198906071, '2025-03-29 13:15:00', 'CheckedIn'),
(2025416433, 198906222, 198906072, '2025-03-30 14:00:00', 'Cancelled'),
(2025416434, 198906223, 198906073, '2025-03-31 15:30:00', 'NoShow'),
(2025416435, 198906224, 198906044, '2025-04-01 09:00:00', 'CheckedIn'),
(2025416436, 198906225, 198906045, '2025-04-02 10:30:00', 'Cancelled'),
(2025416437, 198906226, 198906046, '2025-04-03 11:00:00', 'NoShow'),
(2025416438, 198906227, 198906047, '2025-04-04 13:00:00', 'CheckedIn'),
(2025416439, 198906228, 198906048, '2025-04-05 14:15:00', 'Cancelled'),
(2025416440, 198906229, 198906049, '2025-04-06 15:00:00', 'NoShow'),
(2025416441, 198906230, 198906050, '2025-04-07 09:30:00', 'CheckedIn'),
(2025416442, 198906231, 198906051, '2025-04-08 10:00:00', 'Cancelled'),
(2025416443, 198906232, 198906052, '2025-04-09 11:00:00', 'NoShow'),
(2025416444, 198906233, 198906053, '2025-04-10 13:15:00', 'CheckedIn'),
(2025416445, 198906134, 198906054, '2025-04-11 14:00:00', 'Cancelled'),
(2025416446, 198906135, 198906055, '2025-04-12 15:30:00', 'NoShow'),
(2025416447, 198906136, 198906056, '2025-04-13 09:00:00', 'CheckedIn'),
(2025416448, 198906137, 198906057, '2025-04-14 10:30:00', 'Cancelled'),
(2025416449, 198906138, 198906058, '2025-04-15 11:00:00', 'NoShow'),
(2025416450, 198906139, 198906059, '2025-04-16 13:00:00', 'CheckedIn'),
(2025416451, 198906140, 198906060, '2025-04-17 14:15:00', 'Cancelled'),
(2025416452, 198906141, 198906061, '2025-04-18 15:00:00', 'NoShow'),
(2025416453, 198906142, 198906062, '2025-04-19 09:30:00', 'CheckedIn'),
(2025416454, 198906143, 198906063, '2025-04-20 10:00:00', 'Booked'),
(2025416455, 198906144, 198906064, '2025-04-21 11:00:00', 'Cancelled'),
(2025416456, 198906145, 198906065, '2025-04-22 13:15:00', 'Booked'),
(2025416457, 198906146, 198906066, '2025-04-23 14:00:00', 'Cancelled'),
(2025416458, 198906147, 198906067, '2025-04-24 15:30:00', 'Booked'),
(2025416459, 198906148, 198906068, '2025-04-25 09:00:00', 'Cancelled'),
(2025416460, 198906149, 198906069, '2025-04-26 10:30:00', 'Booked'),
(2025416461, 198906150, 198906070, '2025-04-27 11:00:00', 'Cancelled'),
(2025416462, 198906151, 198906071, '2025-04-28 13:00:00', 'Booked'),
(2025416463, 198906152, 198906072, '2025-04-29 14:15:00', 'Cancelled'),
(2025416464, 198906153, 198906073, '2025-04-30 15:00:00', 'Booked'),
(2025416465, 198906154, 198906044, '2025-05-01 09:30:00', 'Cancelled'),
(2025416466, 198906155, 198906045, '2025-05-02 10:00:00', 'Booked'),
(2025416467, 198906156, 198906046, '2025-05-03 11:00:00', 'Cancelled'),
(2025416468, 198906157, 198906047, '2025-05-04 13:15:00', 'Booked'),
(2025416469, 198906158, 198906048, '2025-05-05 14:00:00', 'Cancelled'),
(2025416470, 198906159, 198906049, '2025-05-06 15:30:00', 'Booked'),
(2025416471, 198906160, 198906050, '2025-05-07 09:00:00', 'Cancelled'),
(2025416472, 198906161, 198906051, '2025-05-08 10:30:00', 'Booked'),
(2025416473, 198906162, 198906052, '2025-05-09 11:00:00', 'Cancelled'),
(2025416474, 198906163, 198906053, '2025-05-10 13:00:00', 'Booked'),
(2025416475, 198906164, 198906054, '2025-05-11 14:15:00', 'Cancelled'),
(2025416476, 198906165, 198906055, '2025-05-12 15:00:00', 'Booked'),
(2025416477, 198906166, 198906056, '2025-05-13 09:30:00', 'Cancelled'),
(2025416478, 198906167, 198906057, '2025-05-14 10:00:00', 'Booked'),
(2025416479, 198906168, 198906058, '2025-05-15 11:00:00', 'Cancelled'),
(2025416480, 198906169, 198906059, '2025-05-16 13:15:00', 'Booked'),
(2025416481, 198906170, 198906060, '2025-05-17 14:00:00', 'Cancelled'),
(2025416482, 198906171, 198906061, '2025-05-18 15:30:00', 'Booked'),
(2025416483, 198906172, 198906062, '2025-05-19 09:00:00', 'Cancelled'),
(2025416484, 198906173, 198906063, '2025-05-20 10:30:00', 'Booked'),
(2025416485, 198906174, 198906064, '2025-05-21 11:00:00', 'Cancelled'),
(2025416486, 198906175, 198906065, '2025-05-22 13:00:00', 'Booked'),
(2025416487, 198906176, 198906066, '2025-05-23 14:15:00', 'Cancelled'),
(2025416488, 198906177, 198906067, '2025-05-24 15:00:00', 'Booked'),
(2025416489, 198906178, 198906068, '2025-05-25 09:30:00', 'Cancelled'),
(2025416490, 198906179, 198906069, '2025-05-26 10:00:00', 'Booked'),
(2025416491, 198906180, 198906070, '2025-05-27 11:00:00', 'Cancelled'),
(2025416492, 198906181, 198906071, '2025-05-28 13:15:00', 'Booked'),
(2025416493, 198906182, 198906072, '2025-05-29 14:00:00', 'Cancelled'),
(2025416494, 198906183, 198906073, '2025-05-30 15:30:00', 'Booked'),
(2025416495, 198906184, 198906044, '2025-05-31 09:00:00', 'Cancelled'),
(2025416496, 198906185, 198906045, '2025-06-01 10:30:00', 'Booked'),
(2025416497, 198906186, 198906046, '2025-06-02 11:00:00', 'Cancelled'),
(2025416498, 198906187, 198906047, '2025-06-03 13:00:00', 'Booked'),
(2025416499, 198906188, 198906048, '2025-06-04 14:15:00', 'Cancelled'),
(2025416500, 198906189, 198906049, '2025-06-05 15:00:00', 'Booked'),
(2025416501, 198906190, 198906050, '2025-06-06 09:30:00', 'Cancelled'),
(2025416502, 198906191, 198906051, '2025-06-07 10:00:00', 'Booked'),
(2025416503, 198906192, 198906052, '2025-06-08 11:00:00', 'Cancelled'),
(2025416504, 198906193, 198906053, '2025-06-09 13:15:00', 'Booked'),
(2025416505, 198906194, 198906054, '2025-06-10 14:00:00', 'Cancelled'),
(2025416506, 198906195, 198906055, '2025-06-11 15:30:00', 'Booked'),
(2025416507, 198906196, 198906056, '2025-06-12 09:00:00', 'Cancelled'),
(2025416508, 198906197, 198906057, '2025-06-13 10:30:00', 'Booked'),
(2025416509, 198906198, 198906058, '2025-06-14 11:00:00', 'Cancelled'),
(2025416510, 198906199, 198906059, '2025-06-15 13:00:00', 'Booked'),
(2025416511, 198906200, 198906060, '2025-06-16 14:15:00', 'Cancelled'),
(2025416512, 198906201, 198906061, '2025-06-17 15:00:00', 'Booked'),
(2025416513, 198906202, 198906062, '2025-06-18 09:30:00', 'Cancelled'),
(2025416514, 198906203, 198906063, '2025-06-19 10:00:00', 'Booked'),
(2025416515, 198906204, 198906064, '2025-06-20 11:00:00', 'Cancelled'),
(2025416516, 198906205, 198906065, '2025-06-21 13:15:00', 'Booked'),
(2025416517, 198906206, 198906066, '2025-06-22 14:00:00', 'Cancelled'),
(2025416518, 198906207, 198906067, '2025-06-23 15:30:00', 'Booked'),
(2025416519, 198906208, 198906068, '2025-06-24 09:00:00', 'Cancelled'),
(2025416520, 198906209, 198906069, '2025-06-25 10:30:00', 'Booked'),
(2025416521, 198906210, 198906070, '2025-06-26 11:00:00', 'Cancelled'),
(2025416522, 198906211, 198906071, '2025-06-27 13:00:00', 'Booked'),
(2025416523, 198906212, 198906072, '2025-06-28 14:15:00', 'Cancelled'),
(2025416524, 198906213, 198906073, '2025-06-29 15:00:00', 'Booked'),
(2025416525, 198906214, 198906044, '2025-06-30 09:30:00', 'Cancelled'),
(2025416526, 198906215, 198906045, '2025-07-01 10:00:00', 'Booked'),
(2025416527, 198906216, 198906046, '2025-07-02 11:00:00', 'Cancelled'),
(2025416528, 198906217, 198906047, '2025-07-03 13:15:00', 'Booked'),
(2025416529, 198906218, 198906048, '2025-07-04 14:00:00', 'Cancelled'),
(2025416530, 198906219, 198906049, '2025-07-05 15:30:00', 'Booked'),
(2025416531, 198906220, 198906050, '2025-07-06 09:00:00', 'Cancelled'),
(2025416532, 198906221, 198906051, '2025-07-07 10:30:00', 'Booked'),
(2025416533, 198906222, 198906052, '2025-07-08 11:00:00', 'Cancelled'),
(2025416534, 198906223, 198906053, '2025-07-09 13:00:00', 'Booked'),
(2025416535, 198906224, 198906054, '2025-07-10 14:15:00', 'Cancelled'),
(2025416536, 198906225, 198906055, '2025-07-11 15:00:00', 'Booked'),
(2025416537, 198906226, 198906056, '2025-07-12 09:30:00', 'Cancelled'),
(2025416538, 198906227, 198906057, '2025-07-13 10:00:00', 'Booked'),
(2025416539, 198906228, 198906058, '2025-07-14 11:00:00', 'Cancelled'),
(2025416540, 198906229, 198906059, '2025-07-15 13:15:00', 'Booked'),
(2025416541, 198906230, 198906060, '2025-07-16 14:00:00', 'Cancelled'),
(2025416542, 198906231, 198906061, '2025-07-17 15:30:00', 'Booked'),
(2025416543, 198906232, 198906062, '2025-07-18 09:00:00', 'Cancelled'),
(2025416544, 198906233, 198906063, '2025-07-19 10:30:00', 'Booked'),
(2025416545, 198906134, 198906064, '2025-07-20 11:00:00', 'Cancelled'),
(2025416546, 198906135, 198906065, '2025-07-21 13:00:00', 'Booked'),
(2025416547, 198906136, 198906066, '2025-07-22 14:15:00', 'Cancelled'),
(2025416548, 198906137, 198906067, '2025-07-23 15:00:00', 'Booked'),
(2025416549, 198906138, 198906068, '2025-07-24 09:30:00', 'Cancelled'),
(2025416550, 198906139, 198906069, '2025-07-25 10:00:00', 'Booked'),
(2025416551, 198906140, 198906070, '2025-07-26 11:00:00', 'Cancelled'),
(2025416552, 198906141, 198906071, '2025-07-27 13:15:00', 'Booked'),
(2025416553, 198906142, 198906072, '2025-07-28 14:00:00', 'Cancelled'),
(2025416554, 198906143, 198906073, '2025-07-29 15:30:00', 'Booked'),
(2025416555, 198906144, 198906044, '2025-07-30 09:00:00', 'Cancelled'),
(2025416556, 198906145, 198906045, '2025-07-31 10:30:00', 'Booked'),
(2025416557, 198906146, 198906046, '2025-08-01 11:00:00', 'Cancelled'),
(2025416558, 198906147, 198906047, '2025-08-02 13:00:00', 'Booked'),
(2025416559, 198906148, 198906048, '2025-08-03 14:15:00', 'Cancelled'),
(2025416560, 198906149, 198906049, '2025-08-04 15:00:00', 'Booked'),
(2025416561, 198906150, 198906050, '2025-08-05 09:30:00', 'Cancelled'),
(2025416562, 198906151, 198906051, '2025-08-06 10:00:00', 'Booked'),
(2025416563, 198906152, 198906052, '2025-08-07 11:00:00', 'Cancelled'),
(2025416564, 198906153, 198906053, '2025-08-08 13:15:00', 'Booked'),
(2025416565, 198906154, 198906054, '2025-08-09 14:00:00', 'Cancelled'),
(2025416566, 198906155, 198906055, '2025-08-10 15:30:00', 'Booked'),
(2025416567, 198906156, 198906056, '2025-08-11 09:00:00', 'Cancelled'),
(2025416568, 198906157, 198906057, '2025-08-12 10:30:00', 'Booked'),
(2025416569, 198906158, 198906058, '2025-08-13 11:00:00', 'Cancelled'),
(2025416570, 198906159, 198906059, '2025-08-14 13:00:00', 'Booked'),
(2025416571, 198906160, 198906060, '2025-08-15 14:15:00', 'Cancelled'),
(2025416572, 198906161, 198906061, '2025-08-16 15:00:00', 'Booked'),
(2025416573, 198906162, 198906062, '2025-08-17 09:30:00', 'Cancelled'),
(2025416574, 198906163, 198906063, '2025-08-18 10:00:00', 'Booked'),
(2025416575, 198906164, 198906064, '2025-08-19 11:00:00', 'Cancelled'),
(2025416576, 198906165, 198906065, '2025-08-20 13:15:00', 'Booked'),
(2025416577, 198906166, 198906066, '2025-08-21 14:00:00', 'Cancelled'),
(2025416578, 198906167, 198906067, '2025-08-22 15:30:00', 'Booked'),
(2025416579, 198906168, 198906068, '2025-08-23 09:00:00', 'Cancelled'),
(2025416580, 198906169, 198906069, '2025-08-24 10:30:00', 'Booked'),
(2025416581, 198906170, 198906070, '2025-08-25 11:00:00', 'Cancelled'),
(2025416582, 198906171, 198906071, '2025-08-26 13:00:00', 'Booked'),
(2025416583, 198906172, 198906072, '2025-08-27 14:15:00', 'Cancelled'),
(2025416584, 198906173, 198906073, '2025-08-28 15:00:00', 'Booked'),
(2025416585, 198906174, 198906044, '2025-08-29 09:30:00', 'Cancelled'),
(2025416586, 198906175, 198906045, '2025-08-30 10:00:00', 'Booked'),
(2025416587, 198906176, 198906046, '2025-08-31 11:00:00', 'Cancelled'),
(2025416588, 198906177, 198906047, '2025-09-01 13:15:00', 'Booked'),
(2025416589, 198906178, 198906048, '2025-09-02 14:00:00', 'Cancelled'),
(2025416590, 198906179, 198906049, '2025-09-03 15:30:00', 'Booked'),
(2025416591, 198906180, 198906050, '2025-09-04 09:00:00', 'Cancelled'),
(2025416592, 198906181, 198906051, '2025-09-05 10:30:00', 'Booked'),
(2025416593, 198906182, 198906052, '2025-09-06 11:00:00', 'Cancelled'),
(2025416594, 198906183, 198906053, '2025-09-07 13:00:00', 'Booked'),
(2025416595, 198906184, 198906054, '2025-09-08 14:15:00', 'Cancelled'),
(2025416596, 198906185, 198906055, '2025-09-09 15:00:00', 'Booked'),
(2025416597, 198906186, 198906056, '2025-09-10 09:30:00', 'Cancelled'),
(2025416598, 198906187, 198906057, '2025-09-11 10:00:00', 'Booked'),
(2025416599, 198906188, 198906058, '2025-09-12 11:00:00', 'Cancelled'),
(2025416600, 198906189, 198906059, '2025-09-13 13:15:00', 'Booked'),
(2025416601, 198906190, 198906060, '2025-09-14 14:00:00', 'Cancelled'),
(2025416602, 198906191, 198906061, '2025-09-15 15:30:00', 'Booked'),
(2025416603, 198906192, 198906062, '2025-09-16 09:00:00', 'Cancelled'),
(2025416604, 198906193, 198906063, '2025-09-17 10:30:00', 'Booked'),
(2025416605, 198906194, 198906064, '2025-09-18 11:00:00', 'Cancelled'),
(2025416606, 198906195, 198906065, '2025-09-19 13:00:00', 'Booked'),
(2025416607, 198906196, 198906066, '2025-09-20 14:15:00', 'Cancelled'),
(2025416608, 198906197, 198906067, '2025-09-21 15:00:00', 'Booked'),
(2025416609, 198906198, 198906068, '2025-09-22 09:30:00', 'Cancelled'),
(2025416610, 198906199, 198906069, '2025-09-23 10:00:00', 'Booked'),
(2025416611, 198906200, 198906070, '2025-09-24 11:00:00', 'Cancelled'),
(2025416612, 198906201, 198906071, '2025-09-25 13:15:00', 'Booked'),
(2025416613, 198906202, 198906072, '2025-09-26 14:00:00', 'Cancelled'),
(2025416614, 198906203, 198906073, '2025-09-27 15:30:00', 'Booked'),
(2025416615, 198906204, 198906044, '2025-09-28 09:00:00', 'Cancelled'),
(2025416616, 198906205, 198906045, '2025-09-29 10:30:00', 'Booked'),
(2025416617, 198906206, 198906046, '2025-09-30 11:00:00', 'Cancelled'),
(2025416618, 198906207, 198906047, '2025-10-01 13:00:00', 'Booked'),
(2025416619, 198906208, 198906048, '2025-10-02 14:15:00', 'Cancelled'),
(2025416620, 198906209, 198906049, '2025-10-03 15:00:00', 'Booked'),
(2025416621, 198906210, 198906050, '2025-10-04 09:30:00', 'Cancelled'),
(2025416622, 198906211, 198906051, '2025-10-05 10:00:00', 'Booked'),
(2025416623, 198906212, 198906052, '2025-10-06 11:00:00', 'Cancelled'),
(2025416624, 198906213, 198906053, '2025-10-07 13:15:00', 'Booked'),
(2025416625, 198906214, 198906054, '2025-10-08 14:00:00', 'Cancelled'),
(2025416626, 198906215, 198906055, '2025-10-09 15:30:00', 'Booked'),
(2025416627, 198906216, 198906056, '2025-10-10 09:00:00', 'Cancelled'),
(2025416628, 198906217, 198906057, '2025-10-11 10:30:00', 'Booked'),
(2025416629, 198906218, 198906058, '2025-10-12 11:00:00', 'Cancelled'),
(2025416630, 198906219, 198906059, '2025-10-13 13:00:00', 'Booked'),
(2025416631, 198906220, 198906060, '2025-10-14 14:15:00', 'Cancelled'),
(2025416632, 198906221, 198906061, '2025-10-15 15:00:00', 'Booked'),
(2025416633, 198906222, 198906062, '2025-10-16 09:30:00', 'Cancelled'),
(2025416634, 198906223, 198906063, '2025-10-17 10:00:00', 'Booked'),
(2025416635, 198906224, 198906064, '2025-10-18 11:00:00', 'Cancelled'),
(2025416636, 198906225, 198906065, '2025-10-19 13:15:00', 'Booked'),
(2025416637, 198906226, 198906066, '2025-10-20 14:00:00', 'Cancelled'),
(2025416638, 198906227, 198906067, '2025-10-21 15:30:00', 'Booked'),
(2025416639, 198906228, 198906068, '2025-10-22 09:00:00', 'Cancelled'),
(2025416640, 198906229, 198906069, '2025-10-23 10:30:00', 'Booked'),
(2025416641, 198906230, 198906070, '2025-10-24 11:00:00', 'Cancelled'),
(2025416642, 198906231, 198906071, '2025-10-25 13:00:00', 'Booked'),
(2025416643, 198906232, 198906072, '2025-10-26 14:15:00', 'Cancelled'),
(2025416644, 198906233, 198906073, '2025-10-27 15:00:00', 'Booked');