DELETE FROM prescriptions;
DELETE FROM payments;
DELETE FROM paymentitems;
-- Prescriptions (342 records, id: 1 - 342)
INSERT INTO Prescriptions (id, visit_id, type, name, quantity, price) VALUES
(1, 6489649256, 'Medicine', 'Ibuprofen', 2, 10.00),
(2, 6489649256, 'Tests', 'Complete Blood Count', 1, 50.00),
(3, 6489649257, 'Medicine', 'Amoxicillin', 3, 15.00),
(4, 6489649257, 'Tests', 'Throat Swab', 1, 80.00),
(5, 6489649259, 'Medicine', 'Paracetamol', 2, 10.00),
(6, 6489649260, 'Medicine', 'Lisinopril', 1, 18.00),
(7, 6489649260, 'Tests', 'Blood Pressure Test', 1, 100.00),
(8, 6489649261, 'Medicine', 'Cetirizine', 2, 12.00),
(9, 6489649261, 'Tests', 'Skin Biopsy', 1, 300.00),
(10, 6489649263, 'Medicine', 'Amoxicillin', 3, 15.00),
(11, 6489649264, 'Medicine', 'Gabapentin', 2, 30.00),
(12, 6489649264, 'Tests', 'Fatigue Panel', 1, 200.00),
(13, 6489649265, 'Medicine', 'Ranitidine', 2, 15.00),
(14, 6489649266, 'Medicine', 'Paracetamol', 2, 10.00),
(15, 6489649266, 'Tests', 'Chest X-Ray', 1, 300.00),
(16, 6489649267, 'Equipment', 'IV Catheter', 1, 10.00),
(17, 6489649268, 'Medicine', 'Cetirizine', 2, 12.00),
(18, 6489649270, 'Medicine', 'Amoxicillin', 3, 15.00),
(19, 6489649270, 'Tests', 'Throat Swab', 1, 80.00),
(20, 6489649271, 'Medicine', 'Gabapentin', 2, 30.00),
(21, 6489649272, 'Medicine', 'Paracetamol', 2, 10.00),
(22, 6489649272, 'Tests', 'Malaria Test', 1, 150.00),
(23, 6489649273, 'Medicine', 'Lisinopril', 1, 18.00),
(24, 6489649274, 'Medicine', 'Cetirizine', 2, 12.00),
(25, 6489649274, 'Tests', 'Skin Biopsy', 1, 300.00),
(26, 6489649276, 'Medicine', 'Amoxicillin', 3, 15.00),
(27, 6489649277, 'Medicine', 'Gabapentin', 2, 30.00),
(28, 6489649277, 'Tests', 'Fatigue Panel', 1, 200.00),
(29, 6489649278, 'Medicine', 'Ranitidine', 2, 15.00),
(30, 6489649279, 'Medicine', 'Paracetamol', 2, 10.00),
(31, 6489649279, 'Tests', 'Chest X-Ray', 1, 300.00),
(32, 6489649280, 'Equipment', 'IV Catheter', 1, 10.00),
(33, 6489649281, 'Medicine', 'Cetirizine', 2, 12.00),
(34, 6489649283, 'Medicine', 'Amoxicillin', 3, 15.00),
(35, 6489649283, 'Tests', 'Throat Swab', 1, 80.00),
(36, 6489649284, 'Medicine', 'Gabapentin', 2, 30.00),
(37, 6489649285, 'Medicine', 'Paracetamol', 2, 10.00),
(38, 6489649285, 'Tests', 'Malaria Test', 1, 150.00),
(39, 6489649286, 'Medicine', 'Lisinopril', 1, 18.00),
(40, 6489649287, 'Medicine', 'Cetirizine', 2, 12.00),
(41, 6489649287, 'Tests', 'Skin Biopsy', 1, 300.00),
(42, 6489649289, 'Medicine', 'Amoxicillin', 3, 15.00),
(43, 6489649290, 'Medicine', 'Gabapentin', 2, 30.00),
(44, 6489649290, 'Tests', 'Fatigue Panel', 1, 200.00),
(45, 6489649291, 'Medicine', 'Ranitidine', 2, 15.00),
(46, 6489649292, 'Medicine', 'Paracetamol', 2, 10.00),
(47, 6489649292, 'Tests', 'Chest X-Ray', 1, 300.00),
(48, 6489649293, 'Equipment', 'IV Catheter', 1, 10.00),
(49, 6489649294, 'Medicine', 'Cetirizine', 2, 12.00),
(50, 6489649296, 'Medicine', 'Amoxicillin', 3, 15.00),
(51, 6489649296, 'Tests', 'Throat Swab', 1, 80.00),
(52, 6489649297, 'Medicine', 'Gabapentin', 2, 30.00),
(53, 6489649298, 'Medicine', 'Paracetamol', 2, 10.00),
(54, 6489649298, 'Tests', 'Malaria Test', 1, 150.00),
(55, 6489649299, 'Medicine', 'Lisinopril', 1, 18.00),
(56, 6489649300, 'Medicine', 'Cetirizine', 2, 12.00),
(57, 6489649300, 'Tests', 'Skin Biopsy', 1, 300.00),
(58, 6489649302, 'Medicine', 'Amoxicillin', 3, 15.00),
(59, 6489649303, 'Medicine', 'Gabapentin', 2, 30.00),
(60, 6489649303, 'Tests', 'Fatigue Panel', 1, 200.00),
(61, 6489649304, 'Medicine', 'Ranitidine', 2, 15.00),
(62, 6489649305, 'Medicine', 'Paracetamol', 2, 10.00),
(63, 6489649305, 'Tests', 'Chest X-Ray', 1, 300.00),
(64, 6489649306, 'Equipment', 'IV Catheter', 1, 10.00),
(65, 6489649307, 'Medicine', 'Cetirizine', 2, 12.00),
(66, 6489649309, 'Medicine', 'Amoxicillin', 3, 15.00),
(67, 6489649309, 'Tests', 'Throat Swab', 1, 80.00),
(68, 6489649310, 'Medicine', 'Gabapentin', 2, 30.00),
(69, 6489649311, 'Medicine', 'Paracetamol', 2, 10.00),
(70, 6489649311, 'Tests', 'Malaria Test', 1, 150.00),
(71, 6489649312, 'Medicine', 'Lisinopril', 1, 18.00),
(72, 6489649313, 'Medicine', 'Cetirizine', 2, 12.00),
(73, 6489649313, 'Tests', 'Skin Biopsy', 1, 300.00),
(74, 6489649315, 'Medicine', 'Amoxicillin', 3, 15.00),
(75, 6489649316, 'Medicine', 'Gabapentin', 2, 30.00),
(76, 6489649316, 'Tests', 'Fatigue Panel', 1, 200.00),
(77, 6489649317, 'Medicine', 'Ranitidine', 2, 15.00),
(78, 6489649318, 'Medicine', 'Paracetamol', 2, 10.00),
(79, 6489649318, 'Tests', 'Chest X-Ray', 1, 300.00),
(80, 6489649319, 'Equipment', 'IV Catheter', 1, 10.00),
(81, 6489649320, 'Medicine', 'Cetirizine', 2, 12.00),
(82, 6489649322, 'Medicine', 'Amoxicillin', 3, 15.00),
(83, 6489649322, 'Tests', 'Throat Swab', 1, 80.00),
(84, 6489649323, 'Medicine', 'Gabapentin', 2, 30.00),
(85, 6489649324, 'Medicine', 'Paracetamol', 2, 10.00),
(86, 6489649324, 'Tests', 'Malaria Test', 1, 150.00),
(87, 6489649325, 'Medicine', 'Lisinopril', 1, 18.00),
(88, 6489649326, 'Medicine', 'Cetirizine', 2, 12.00),
(89, 6489649326, 'Tests', 'Skin Biopsy', 1, 300.00),
(90, 6489649328, 'Medicine', 'Amoxicillin', 3, 15.00),
(91, 6489649329, 'Medicine', 'Gabapentin', 2, 30.00),
(92, 6489649329, 'Tests', 'Fatigue Panel', 1, 200.00),
(93, 6489649330, 'Medicine', 'Ranitidine', 2, 15.00),
(94, 6489649331, 'Medicine', 'Paracetamol', 2, 10.00),
(95, 6489649331, 'Tests', 'Chest X-Ray', 1, 300.00),
(96, 6489649332, 'Equipment', 'IV Catheter', 1, 10.00),
(97, 6489649333, 'Medicine', 'Cetirizine', 2, 12.00),
(98, 6489649335, 'Medicine', 'Amoxicillin', 3, 15.00),
(99, 6489649335, 'Tests', 'Throat Swab', 1, 80.00),
(100, 6489649336, 'Medicine', 'Gabapentin', 2, 30.00),
(101, 6489649337, 'Medicine', 'Paracetamol', 2, 10.00),
(102, 6489649337, 'Tests', 'Malaria Test', 1, 150.00),
(103, 6489649338, 'Medicine', 'Lisinopril', 1, 18.00),
(104, 6489649339, 'Medicine', 'Cetirizine', 2, 12.00),
(105, 6489649339, 'Tests', 'Skin Biopsy', 1, 300.00),
(106, 6489649341, 'Medicine', 'Amoxicillin', 3, 15.00),
(107, 6489649342, 'Medicine', 'Gabapentin', 2, 30.00),
(108, 6489649342, 'Tests', 'Fatigue Panel', 1, 200.00),
(109, 6489649343, 'Medicine', 'Ranitidine', 2, 15.00),
(110, 6489649344, 'Medicine', 'Paracetamol', 2, 10.00),
(111, 6489649344, 'Tests', 'Chest X-Ray', 1, 300.00),
(112, 6489649345, 'Equipment', 'IV Catheter', 1, 10.00),
(113, 6489649346, 'Medicine', 'Cetirizine', 2, 12.00),
(114, 6489649348, 'Medicine', 'Amoxicillin', 3, 15.00),
(115, 6489649348, 'Tests', 'Throat Swab', 1, 80.00),
(116, 6489649349, 'Medicine', 'Gabapentin', 2, 30.00),
(117, 6489649350, 'Medicine', 'Paracetamol', 2, 10.00),
(118, 6489649350, 'Tests', 'Malaria Test', 1, 150.00),
(119, 6489649351, 'Medicine', 'Lisinopril', 1, 18.00),
(120, 6489649352, 'Medicine', 'Cetirizine', 2, 12.00),
(121, 6489649352, 'Tests', 'Skin Biopsy', 1, 300.00),
(122, 6489649354, 'Medicine', 'Amoxicillin', 3, 15.00),
(123, 6489649355, 'Medicine', 'Gabapentin', 2, 30.00),
(124, 6489649355, 'Tests', 'Fatigue Panel', 1, 200.00),
(125, 6489649356, 'Medicine', 'Ranitidine', 2, 15.00),
(126, 6489649357, 'Medicine', 'Paracetamol', 2, 10.00),
(127, 6489649357, 'Tests', 'Chest X-Ray', 1, 300.00),
(128, 6489649358, 'Equipment', 'IV Catheter', 1, 10.00),
(129, 6489649359, 'Medicine', 'Cetirizine', 2, 12.00),
(130, 6489649361, 'Medicine', 'Amoxicillin', 3, 15.00),
(131, 6489649361, 'Tests', 'Throat Swab', 1, 80.00),
(132, 6489649362, 'Medicine', 'Gabapentin', 2, 30.00),
(133, 6489649363, 'Medicine', 'Paracetamol', 2, 10.00),
(134, 6489649363, 'Tests', 'Malaria Test', 1, 150.00),
(135, 6489649364, 'Medicine', 'Lisinopril', 1, 18.00),
(136, 6489649365, 'Medicine', 'Cetirizine', 2, 12.00),
(137, 6489649365, 'Tests', 'Skin Biopsy', 1, 300.00),
(138, 6489649367, 'Medicine', 'Amoxicillin', 3, 15.00),
(139, 6489649368, 'Medicine', 'Gabapentin', 2, 30.00),
(140, 6489649368, 'Tests', 'Fatigue Panel', 1, 200.00),
(141, 6489649369, 'Medicine', 'Ranitidine', 2, 15.00),
(142, 6489649370, 'Medicine', 'Paracetamol', 2, 10.00),
(143, 6489649370, 'Tests', 'Chest X-Ray', 1, 300.00),
(144, 6489649371, 'Equipment', 'IV Catheter', 1, 10.00),
(145, 6489649372, 'Medicine', 'Cetirizine', 2, 12.00),
(146, 6489649374, 'Medicine', 'Amoxicillin', 3, 15.00),
(147, 6489649374, 'Tests', 'Throat Swab', 1, 80.00),
(148, 6489649375, 'Medicine', 'Gabapentin', 2, 30.00),
(149, 6489649376, 'Medicine', 'Paracetamol', 2, 10.00),
(150, 6489649376, 'Tests', 'Malaria Test', 1, 150.00),
(151, 6489649377, 'Medicine', 'Lisinopril', 1, 18.00),
(152, 6489649378, 'Medicine', 'Cetirizine', 2, 12.00),
(153, 6489649378, 'Tests', 'Skin Biopsy', 1, 300.00),
(154, 6489649380, 'Medicine', 'Amoxicillin', 3, 15.00),
(155, 6489649381, 'Medicine', 'Gabapentin', 2, 30.00),
(156, 6489649381, 'Tests', 'Fatigue Panel', 1, 200.00),
(157, 6489649382, 'Medicine', 'Ranitidine', 2, 15.00),
(158, 6489649383, 'Medicine', 'Paracetamol', 2, 10.00),
(159, 6489649383, 'Tests', 'Chest X-Ray', 1, 300.00),
(160, 6489649384, 'Equipment', 'IV Catheter', 1, 10.00),
(161, 6489649385, 'Medicine', 'Cetirizine', 2, 12.00),
(162, 6489649387, 'Medicine', 'Amoxicillin', 3, 15.00),
(163, 6489649387, 'Tests', 'Throat Swab', 1, 80.00),
(164, 6489649388, 'Medicine', 'Gabapentin', 2, 30.00),
(165, 6489649389, 'Medicine', 'Paracetamol', 2, 10.00),
(166, 6489649389, 'Tests', 'Malaria Test', 1, 150.00),
(167, 6489649390, 'Medicine', 'Lisinopril', 1, 18.00),
(168, 6489649391, 'Medicine', 'Cetirizine', 2, 12.00),
(169, 6489649391, 'Tests', 'Skin Biopsy', 1, 300.00),
(170, 6489649393, 'Medicine', 'Amoxicillin', 3, 15.00),
(171, 6489649394, 'Medicine', 'Gabapentin', 2, 30.00),
(172, 6489649394, 'Tests', 'Fatigue Panel', 1, 200.00),
(173, 6489649395, 'Medicine', 'Ranitidine', 2, 15.00),
(174, 6489649396, 'Medicine', 'Paracetamol', 2, 10.00),
(175, 6489649396, 'Tests', 'Chest X-Ray', 1, 300.00),
(176, 6489649397, 'Equipment', 'IV Catheter', 1, 10.00),
(177, 6489649398, 'Medicine', 'Cetirizine', 2, 12.00),
(178, 6489649400, 'Medicine', 'Amoxicillin', 3, 15.00),
(179, 6489649400, 'Tests', 'Throat Swab', 1, 80.00),
(180, 6489649401, 'Medicine', 'Gabapentin', 2, 30.00),
(181, 6489649402, 'Medicine', 'Paracetamol', 2, 10.00),
(182, 6489649402, 'Tests', 'Malaria Test', 1, 150.00),
(183, 6489649403, 'Medicine', 'Lisinopril', 1, 18.00),
(184, 6489649404, 'Medicine', 'Cetirizine', 2, 12.00),
(185, 6489649404, 'Tests', 'Skin Biopsy', 1, 300.00),
(186, 6489649406, 'Medicine', 'Amoxicillin', 3, 15.00),
(187, 6489649407, 'Medicine', 'Gabapentin', 2, 30.00),
(188, 6489649407, 'Tests', 'Fatigue Panel', 1, 200.00),
(189, 6489649408, 'Medicine', 'Ranitidine', 2, 15.00),
(190, 6489649409, 'Medicine', 'Paracetamol', 2, 10.00),
(191, 6489649409, 'Tests', 'Chest X-Ray', 1, 300.00),
(192, 6489649410, 'Equipment', 'IV Catheter', 1, 10.00),
(193, 6489649411, 'Medicine', 'Cetirizine', 2, 12.00),
(194, 6489649413, 'Medicine', 'Amoxicillin', 3, 15.00),
(195, 6489649413, 'Tests', 'Throat Swab', 1, 80.00),
(196, 6489649414, 'Medicine', 'Gabapentin', 2, 30.00),
(197, 6489649415, 'Medicine', 'Paracetamol', 2, 10.00),
(198, 6489649415, 'Tests', 'Malaria Test', 1, 150.00),
(199, 6489649416, 'Medicine', 'Lisinopril', 1, 18.00),
(200, 6489649417, 'Medicine', 'Cetirizine', 2, 12.00),
(201, 6489649417, 'Tests', 'Skin Biopsy', 1, 300.00),
(202, 6489649419, 'Medicine', 'Amoxicillin', 3, 15.00),
(203, 6489649420, 'Medicine', 'Gabapentin', 2, 30.00),
(204, 6489649420, 'Tests', 'Fatigue Panel', 1, 200.00),
(205, 6489649421, 'Medicine', 'Ranitidine', 2, 15.00),
(206, 6489649422, 'Medicine', 'Paracetamol', 2, 10.00),
(207, 6489649422, 'Tests', 'Chest X-Ray', 1, 300.00),
(208, 6489649423, 'Equipment', 'IV Catheter', 1, 10.00),
(209, 6489649424, 'Medicine', 'Cetirizine', 2, 12.00),
(210, 6489649426, 'Medicine', 'Amoxicillin', 3, 15.00),
(211, 6489649426, 'Tests', 'Throat Swab', 1, 80.00),
(212, 6489649427, 'Medicine', 'Gabapentin', 2, 30.00),
(213, 6489649428, 'Medicine', 'Paracetamol', 2, 10.00),
(214, 6489649428, 'Tests', 'Malaria Test', 1, 150.00),
(215, 6489649429, 'Medicine', 'Lisinopril', 1, 18.00),
(216, 6489649430, 'Medicine', 'Cetirizine', 2, 12.00),
(217, 6489649430, 'Tests', 'Skin Biopsy', 1, 300.00),
(218, 6489649432, 'Medicine', 'Amoxicillin', 3, 15.00),
(219, 6489649433, 'Medicine', 'Gabapentin', 2, 30.00),
(220, 6489649433, 'Tests', 'Fatigue Panel', 1, 200.00),
(221, 6489649434, 'Medicine', 'Ranitidine', 2, 15.00),
(222, 6489649435, 'Medicine', 'Paracetamol', 2, 10.00),
(223, 6489649435, 'Tests', 'Chest X-Ray', 1, 300.00),
(224, 6489649436, 'Equipment', 'IV Catheter', 1, 10.00),
(225, 6489649437, 'Medicine', 'Cetirizine', 2, 12.00),
(226, 6489649439, 'Medicine', 'Amoxicillin', 3, 15.00),
(227, 6489649439, 'Tests', 'Throat Swab', 1, 80.00),
(228, 6489649440, 'Medicine', 'Gabapentin', 2, 30.00),
(229, 6489649441, 'Medicine', 'Paracetamol', 2, 10.00),
(230, 6489649441, 'Tests', 'Malaria Test', 1, 150.00),
(231, 6489649442, 'Medicine', 'Lisinopril', 1, 18.00),
(232, 6489649443, 'Medicine', 'Cetirizine', 2, 12.00),
(233, 6489649443, 'Tests', 'Skin Biopsy', 1, 300.00),
(234, 6489649445, 'Medicine', 'Amoxicillin', 3, 15.00),
(235, 6489649446, 'Medicine', 'Gabapentin', 2, 30.00),
(236, 6489649446, 'Tests', 'Fatigue Panel', 1, 200.00),
(237, 6489649447, 'Medicine', 'Ranitidine', 2, 15.00),
(238, 6489649448, 'Medicine', 'Paracetamol', 2, 10.00),
(239, 6489649448, 'Tests', 'Chest X-Ray', 1, 300.00),
(240, 6489649449, 'Equipment', 'IV Catheter', 1, 10.00),
(241, 6489649450, 'Medicine', 'Cetirizine', 2, 12.00),
(242, 6489649452, 'Medicine', 'Amoxicillin', 3, 15.00),
(243, 6489649452, 'Tests', 'Throat Swab', 1, 80.00),
(244, 6489649453, 'Medicine', 'Gabapentin', 2, 30.00),
(245, 6489649454, 'Medicine', 'Paracetamol', 2, 10.00),
(246, 6489649454, 'Tests', 'Malaria Test', 1, 150.00),
(247, 6489649455, 'Medicine', 'Lisinopril', 1, 18.00),
(248, 6489649456, 'Medicine', 'Cetirizine', 2, 12.00),
(249, 6489649456, 'Tests', 'Skin Biopsy', 1, 300.00),
(250, 6489649458, 'Medicine', 'Amoxicillin', 3, 15.00),
(251, 6489649459, 'Medicine', 'Gabapentin', 2, 30.00),
(252, 6489649459, 'Tests', 'Fatigue Panel', 1, 200.00),
(253, 6489649460, 'Medicine', 'Ranitidine', 2, 15.00),
(254, 6489649461, 'Medicine', 'Paracetamol', 2, 10.00),
(255, 6489649461, 'Tests', 'Chest X-Ray', 1, 300.00),
(256, 6489649462, 'Equipment', 'IV Catheter', 1, 10.00),
(257, 6489649463, 'Medicine', 'Cetirizine', 2, 12.00),
(258, 6489649465, 'Medicine', 'Amoxicillin', 3, 15.00),
(259, 6489649465, 'Tests', 'Throat Swab', 1, 80.00),
(260, 6489649466, 'Medicine', 'Gabapentin', 2, 30.00),
(261, 6489649467, 'Medicine', 'Paracetamol', 2, 10.00),
(262, 6489649467, 'Tests', 'Malaria Test', 1, 150.00),
(263, 6489649468, 'Medicine', 'Lisinopril', 1, 18.00),
(264, 6489649469, 'Medicine', 'Cetirizine', 2, 12.00),
(265, 6489649469, 'Tests', 'Skin Biopsy', 1, 300.00),
(266, 6489649471, 'Medicine', 'Amoxicillin', 3, 15.00),
(267, 6489649472, 'Medicine', 'Gabapentin', 2, 30.00),
(268, 6489649472, 'Tests', 'Fatigue Panel', 1, 200.00),
(269, 6489649473, 'Medicine', 'Ranitidine', 2, 15.00),
(270, 6489649474, 'Medicine', 'Paracetamol', 2, 10.00),
(271, 6489649474, 'Tests', 'Chest X-Ray', 1, 300.00),
(272, 6489649475, 'Equipment', 'IV Catheter', 1, 10.00),
(273, 6489649476, 'Medicine', 'Cetirizine', 2, 12.00),
(274, 6489649478, 'Medicine', 'Amoxicillin', 3, 15.00),
(275, 6489649478, 'Tests', 'Throat Swab', 1, 80.00),
(276, 6489649479, 'Medicine', 'Gabapentin', 2, 30.00),
(277, 6489649480, 'Medicine', 'Paracetamol', 2, 10.00),
(278, 6489649480, 'Tests', 'Malaria Test', 1, 150.00),
(279, 6489649481, 'Medicine', 'Lisinopril', 1, 18.00),
(280, 6489649482, 'Medicine', 'Cetirizine', 2, 12.00),
(281, 6489649482, 'Tests', 'Skin Biopsy', 1, 300.00),
(282, 6489649484, 'Medicine', 'Amoxicillin', 3, 15.00),
(283, 6489649485, 'Medicine', 'Gabapentin', 2, 30.00),
(284, 6489649485, 'Tests', 'Fatigue Panel', 1, 200.00),
(285, 6489649486, 'Medicine', 'Ranitidine', 2, 15.00),
(286, 6489649487, 'Medicine', 'Paracetamol', 2, 10.00),
(287, 6489649487, 'Tests', 'Chest X-Ray', 1, 300.00),
(288, 6489649488, 'Equipment', 'IV Catheter', 1, 10.00),
(289, 6489649489, 'Medicine', 'Cetirizine', 2, 12.00),
(290, 6489649491, 'Medicine', 'Amoxicillin', 3, 15.00),
(291, 6489649491, 'Tests', 'Throat Swab', 1, 80.00),
(292, 6489649492, 'Medicine', 'Gabapentin', 2, 30.00),
(293, 6489649493, 'Medicine', 'Paracetamol', 2, 10.00),
(294, 6489649493, 'Tests', 'Malaria Test', 1, 150.00),
(295, 6489649494, 'Medicine', 'Lisinopril', 1, 18.00),
(296, 6489649495, 'Medicine', 'Cetirizine', 2, 12.00),
(297, 6489649495, 'Tests', 'Skin Biopsy', 1, 300.00),
(298, 6489649497, 'Medicine', 'Amoxicillin', 3, 15.00),
(299, 6489649498, 'Medicine', 'Gabapentin', 2, 30.00),
(300, 6489649498, 'Tests', 'Fatigue Panel', 1, 200.00),
(301, 6489649499, 'Medicine', 'Ranitidine', 2, 15.00),
(302, 6489649499, 'Tests', 'Ultrasound', 1, 400.00);



-- Payments (171 records, id: 1 - 171)
INSERT INTO Payments (id, patient_id, visit_id, amount, status, visit_type, created_date, payment_completion_date) VALUES
(1, 198906226, 6489649256, 60.00, 'Paid', 'Outpatient', '2024-06-21', '2024-06-25'),
(2, 198906227, 6489649257, 95.00, 'Unpaid', 'Inpatient', '2024-06-23', NULL),
(3, 198906229, 6489649259, 10.00, 'Paid', 'Outpatient', '2024-06-27', '2024-07-01'),
(4, 198906230, 6489649260, 118.00, 'Unpaid', 'Outpatient', '2024-06-29', NULL),
(5, 198906231, 6489649261, 312.00, 'Paid', 'Inpatient', '2024-07-01', '2024-07-05'),
(6, 198906233, 6489649263, 15.00, 'Unpaid', 'Outpatient', '2024-07-05', NULL),
(7, 198906134, 6489649264, 230.00, 'Paid', 'Inpatient', '2024-07-07', '2024-07-11'),
(8, 198906135, 6489649265, 15.00, 'Unpaid', 'Outpatient', '2024-07-09', NULL),
(9, 198906137, 6489649267, 10.00, 'Paid', 'Outpatient', '2024-07-13', '2024-07-17'),
(10, 198906138, 6489649268, 12.00, 'Unpaid', 'Inpatient', '2024-07-15', NULL),
(11, 198906140, 6489649270, 95.00, 'Paid', 'Outpatient', '2024-07-19', '2024-07-23'),
(12, 198906141, 6489649271, 30.00, 'Unpaid', 'Inpatient', '2024-07-21', NULL),
(13, 198906142, 6489649272, 160.00, 'Paid', 'Outpatient', '2024-07-23', '2024-07-27'),
(14, 198906143, 6489649273, 18.00, 'Unpaid', 'Outpatient', '2024-07-25', NULL),
(15, 198906146, 6489649276, 15.00, 'Paid', 'Inpatient', '2024-07-29', '2024-08-02'),
(16, 198906147, 6489649277, 230.00, 'Unpaid', 'Outpatient', '2024-07-31', NULL),
(17, 198906148, 6489649278, 15.00, 'Paid', 'Inpatient', '2024-08-02', '2024-08-06'),
(18, 198906148, 6489649279, 320.00, 'Unpaid', 'Outpatient', '2024-08-04', NULL),
(19, 198906150, 6489649280, 10.00, 'Paid', 'Outpatient', '2024-08-08', '2024-08-12'),
(20, 198906151, 6489649281, 12.00, 'Unpaid', 'Inpatient', '2024-08-10', NULL),
(21, 198906153, 6489649283, 95.00, 'Paid', 'Outpatient', '2024-08-14', '2024-08-18'),
(22, 198906154, 6489649284, 30.00, 'Unpaid', 'Inpatient', '2024-08-16', NULL),
(23, 198906155, 6489649285, 160.00, 'Paid', 'Outpatient', '2024-08-18', '2024-08-22'),
(24, 198906156, 6489649286, 18.00, 'Unpaid', 'Outpatient', '2024-08-20', NULL),
(25, 198906158, 6489649289, 15.00, 'Paid', 'Inpatient', '2024-08-26', '2024-08-30'),
(26, 198906159, 6489649290, 230.00, 'Unpaid', 'Outpatient', '2024-08-28', NULL),
(27, 198906160, 6489649291, 15.00, 'Paid', 'Inpatient', '2024-08-30', '2024-09-03'),
(28, 198906161, 6489649292, 320.00, 'Unpaid', 'Outpatient', '2024-09-01', NULL),
(29, 198906162, 6489649293, 10.00, 'Paid', 'Outpatient', '2024-09-03', '2024-09-07'),
(30, 198906163, 6489649294, 12.00, 'Unpaid', 'Inpatient', '2024-09-05', NULL),
(31, 198906165, 6489649296, 95.00, 'Paid', 'Outpatient', '2024-09-09', '2024-09-13'),
(32, 198906166, 6489649297, 30.00, 'Unpaid', 'Inpatient', '2024-09-11', NULL),
(33, 198906167, 6489649298, 160.00, 'Paid', 'Outpatient', '2024-09-13', '2024-09-17'),
(34, 198906168, 6489649299, 18.00, 'Unpaid', 'Outpatient', '2024-09-15', NULL),
(35, 198906170, 6489649302, 15.00, 'Paid', 'Inpatient', '2024-09-21', '2024-09-25'),
(36, 198906171, 6489649303, 230.00, 'Unpaid', 'Outpatient', '2024-09-23', NULL),
(37, 198906172, 6489649304, 15.00, 'Paid', 'Inpatient', '2024-09-25', '2024-09-29'),
(38, 198906173, 6489649305, 320.00, 'Unpaid', 'Outpatient', '2024-09-27', NULL),
(39, 198906174, 6489649306, 10.00, 'Paid', 'Outpatient', '2024-09-29', '2024-10-03'),
(40, 198906175, 6489649307, 12.00, 'Unpaid', 'Inpatient', '2024-10-01', NULL),
(41, 198906177, 6489649309, 95.00, 'Paid', 'Outpatient', '2024-10-05', '2024-10-09'),
(42, 198906178, 6489649310, 30.00, 'Unpaid', 'Inpatient', '2024-10-07', NULL),
(43, 198906179, 6489649311, 160.00, 'Paid', 'Outpatient', '2024-10-09', '2024-10-14'),
(44, 198906180, 6489649312, 18.00, 'Unpaid', 'Outpatient', '2024-10-11', NULL),
(45, 198906181, 6489649313, 312.00, 'Paid', 'Inpatient', '2024-10-13', '2024-10-18'),
(46, 198906183, 6489649315, 15.00, 'Unpaid', 'Outpatient', '2024-10-17', NULL),
(47, 198906184, 6489649316, 230.00, 'Paid', 'Inpatient', '2024-10-19', '2024-10-24'),
(48, 198906185, 6489649317, 15.00, 'Unpaid', 'Outpatient', '2024-10-21', NULL),
(49, 198906186, 6489649318, 320.00, 'Paid', 'Outpatient', '2024-10-23', '2024-10-28'),
(50, 198906187, 6489649319, 10.00, 'Unpaid', 'Inpatient', '2024-10-25', NULL),
(51, 198906188, 6489649320, 12.00, 'Paid', 'Outpatient', '2024-10-27', '2024-11-01'),
(52, 198906190, 6489649322, 95.00, 'Unpaid', 'Inpatient', '2024-10-31', NULL),
(53, 198906191, 6489649323, 30.00, 'Paid', 'Outpatient', '2024-11-02', '2024-11-07'),
(54, 198906192, 6489649324, 160.00, 'Unpaid', 'Outpatient', '2024-11-04', NULL),
(55, 198906193, 6489649325, 18.00, 'Paid', 'Inpatient', '2024-11-06', '2024-11-11'),
(56, 198906194, 6489649326, 312.00, 'Unpaid', 'Outpatient', '2024-11-08', NULL),
(57, 198906196, 6489649328, 15.00, 'Paid', 'Inpatient', '2024-11-12', '2024-11-17'),
(58, 198906197, 6489649329, 230.00, 'Unpaid', 'Outpatient', '2024-11-14', NULL),
(59, 198906198, 6489649330, 15.00, 'Paid', 'Inpatient', '2024-11-16', '2024-11-21'),
(60, 198906199, 6489649331, 320.00, 'Unpaid', 'Outpatient', '2024-11-18', NULL),
(61, 198906200, 6489649332, 10.00, 'Paid', 'Outpatient', '2024-11-20', '2024-11-25'),
(62, 198906201, 6489649333, 12.00, 'Unpaid', 'Inpatient', '2024-11-22', NULL),
(63, 198906203, 6489649335, 95.00, 'Paid', 'Outpatient', '2024-11-26', '2024-12-01'),
(64, 198906204, 6489649336, 30.00, 'Unpaid', 'Inpatient', '2024-11-28', NULL),
(65, 198906205, 6489649337, 160.00, 'Paid', 'Outpatient', '2024-11-30', '2024-12-05'),
(66, 198906206, 6489649338, 18.00, 'Unpaid', 'Outpatient', '2024-12-02', NULL),
(67, 198906207, 6489649339, 312.00, 'Paid', 'Inpatient', '2024-12-04', '2024-12-09'),
(68, 198906209, 6489649341, 15.00, 'Unpaid', 'Outpatient', '2024-12-08', NULL),
(69, 198906210, 6489649342, 230.00, 'Paid', 'Inpatient', '2024-12-10', '2024-12-15'),
(70, 198906211, 6489649343, 15.00, 'Unpaid', 'Outpatient', '2024-12-12', NULL),
(71, 198906212, 6489649344, 320.00, 'Paid', 'Outpatient', '2024-12-14', '2024-12-19'),
(72, 198906213, 6489649345, 10.00, 'Unpaid', 'Inpatient', '2024-12-16', NULL),
(73, 198906214, 6489649346, 12.00, 'Paid', 'Outpatient', '2024-12-18', '2024-12-23'),
(74, 198906216, 6489649348, 95.00, 'Unpaid', 'Inpatient', '2024-12-22', NULL),
(75, 198906217, 6489649349, 30.00, 'Paid', 'Outpatient', '2024-12-24', '2024-12-29'),
(76, 198906218, 6489649350, 160.00, 'Unpaid', 'Outpatient', '2024-12-26', NULL),
(77, 198906219, 6489649351, 18.00, 'Paid', 'Inpatient', '2024-12-28', '2025-01-02'),
(78, 198906220, 6489649352, 312.00, 'Unpaid', 'Outpatient', '2025-01-01', NULL),
(79, 198906222, 6489649354, 15.00, 'Paid', 'Inpatient', '2025-01-05', '2025-01-10'),
(80, 198906223, 6489649355, 230.00, 'Unpaid', 'Outpatient', '2025-01-07', NULL),
(81, 198906224, 6489649356, 15.00, 'Paid', 'Outpatient', '2025-01-09', '2025-01-14'),
(82, 198906225, 6489649357, 320.00, 'Unpaid', 'Inpatient', '2025-01-11', NULL),
(83, 198906226, 6489649358, 10.00, 'Paid', 'Outpatient', '2025-01-13', '2025-01-18'),
(84, 198906227, 6489649359, 12.00, 'Unpaid', 'Inpatient', '2025-01-15', NULL),
(85, 198906229, 6489649361, 95.00, 'Paid', 'Outpatient', '2025-01-19', '2025-01-24'),
(86, 198906230, 6489649362, 30.00, 'Unpaid', 'Inpatient', '2025-01-21', NULL),
(87, 198906231, 6489649363, 160.00, 'Paid', 'Outpatient', '2025-01-23', '2025-01-28'),
(88, 198906232, 6489649364, 18.00, 'Unpaid', 'Outpatient', '2025-01-25', NULL),
(89, 198906233, 6489649365, 312.00, 'Paid', 'Inpatient', '2025-01-27', '2025-02-01'),
(90, 198906137, 6489649367, 15.00, 'Unpaid', 'Outpatient', '2025-01-31', NULL),
(91, 198906138, 6489649368, 230.00, 'Paid', 'Inpatient', '2025-02-02', '2025-02-07'),
(92, 198906139, 6489649369, 15.00, 'Unpaid', 'Outpatient', '2025-02-04', NULL),
(93, 198906140, 6489649370, 320.00, 'Paid', 'Outpatient', '2025-02-06', '2025-02-11'),
(94, 198906141, 6489649371, 10.00, 'Unpaid', 'Inpatient', '2025-02-08', NULL),
(95, 198906142, 6489649372, 12.00, 'Paid', 'Outpatient', '2025-02-10', '2025-02-15'),
(96, 198906144, 6489649374, 95.00, 'Unpaid', 'Inpatient', '2025-02-14', NULL),
(97, 198906145, 6489649375, 30.00, 'Paid', 'Outpatient', '2025-02-16', '2025-02-21'),
(98, 198906146, 6489649376, 160.00, 'Unpaid', 'Outpatient', '2025-02-18', NULL),
(99, 198906147, 6489649377, 18.00, 'Paid', 'Inpatient', '2025-02-20', '2025-02-25'),
(100, 198906148, 6489649378, 312.00, 'Unpaid', 'Outpatient', '2025-02-22', NULL),
(101, 198906150, 6489649380, 15.00, 'Paid', 'Outpatient', '2025-02-26', '2025-03-03'),
(102, 198906151, 6489649381, 230.00, 'Unpaid', 'Inpatient', '2025-02-28', NULL),
(103, 198906152, 6489649382, 15.00, 'Paid', 'Outpatient', '2025-03-02', '2025-03-07'),
(104, 198906153, 6489649383, 320.00, 'Unpaid', 'Outpatient', '2025-03-04', NULL),
(105, 198906154, 6489649384, 10.00, 'Paid', 'Inpatient', '2025-03-06', '2025-03-11'),
(106, 198906155, 6489649385, 12.00, 'Unpaid', 'Outpatient', '2025-03-08', NULL),
(107, 198906157, 6489649387, 95.00, 'Paid', 'Inpatient', '2025-03-12', '2025-03-17'),
(108, 198906158, 6489649388, 30.00, 'Unpaid', 'Outpatient', '2025-03-14', NULL),
(109, 198906159, 6489649389, 160.00, 'Paid', 'Outpatient', '2025-03-16', '2025-03-21'),
(110, 198906160, 6489649390, 18.00, 'Unpaid', 'Inpatient', '2025-03-18', NULL),
(111, 198906161, 6489649391, 312.00, 'Paid', 'Outpatient', '2025-03-20', '2025-03-25'),
(112, 198906163, 6489649393, 15.00, 'Unpaid', 'Outpatient', '2025-03-24', NULL),
(113, 198906164, 6489649394, 230.00, 'Paid', 'Inpatient', '2025-03-26', '2025-03-31'),
(114, 198906165, 6489649395, 15.00, 'Unpaid', 'Outpatient', '2025-03-28', NULL),
(115, 198906166, 6489649396, 320.00, 'Paid', 'Outpatient', '2025-03-30', '2025-04-04'),
(116, 198906167, 6489649397, 10.00, 'Unpaid', 'Inpatient', '2025-04-01', NULL),
(117, 198906168, 6489649398, 12.00, 'Paid', 'Outpatient', '2025-04-03', '2025-04-08'),
(118, 198906170, 6489649400, 95.00, 'Unpaid', 'Inpatient', '2025-04-07', NULL),
(119, 198906171, 6489649401, 30.00, 'Paid', 'Outpatient', '2025-04-09', '2025-04-14'),
(120, 198906172, 6489649402, 160.00, 'Unpaid', 'Outpatient', '2025-04-11', NULL),
(121, 198906173, 6489649403, 18.00, 'Paid', 'Inpatient', '2025-04-13', '2025-04-18'),
(122, 198906174, 6489649404, 312.00, 'Unpaid', 'Outpatient', '2025-04-15', NULL),
(123, 198906176, 6489649406, 15.00, 'Paid', 'Outpatient', '2025-04-17', '2025-04-19'),
(124, 198906177, 6489649407, 230.00, 'Unpaid', 'Inpatient', '2025-04-19', NULL),
(125, 198906178, 6489649408, 15.00, 'Paid', 'Outpatient', '2025-04-21', '2025-04-19'),
(126, 198906179, 6489649409, 320.00, 'Unpaid', 'Outpatient', '2025-04-23', NULL),
(127, 198906180, 6489649410, 10.00, 'Paid', 'Inpatient', '2025-04-25', '2025-04-19'),
(128, 198906181, 6489649411, 12.00, 'Unpaid', 'Outpatient', '2025-04-27', NULL),
(129, 198906183, 6489649413, 95.00, 'Paid', 'Outpatient', '2025-05-01', '2025-04-19'),
(130, 198906184, 6489649414, 30.00, 'Unpaid', 'Inpatient', '2025-05-03', NULL),
(131, 198906185, 6489649415, 160.00, 'Paid', 'Outpatient', '2025-05-05', '2025-04-19'),
(132, 198906186, 6489649416, 18.00, 'Unpaid', 'Outpatient', '2025-05-07', NULL),
(133, 198906187, 6489649417, 312.00, 'Paid', 'Inpatient', '2025-05-09', '2025-04-19'),
(134, 198906189, 6489649419, 15.00, 'Unpaid', 'Outpatient', '2025-05-13', NULL),
(135, 198906190, 6489649420, 230.00, 'Paid', 'Inpatient', '2025-05-15', '2025-04-19'),
(136, 198906191, 6489649421, 15.00, 'Unpaid', 'Outpatient', '2025-05-17', NULL),
(137, 198906192, 6489649422, 320.00, 'Paid', 'Outpatient', '2025-05-19', '2025-04-19'),
(138, 198906193, 6489649423, 10.00, 'Unpaid', 'Inpatient', '2025-05-21', NULL),
(139, 198906194, 6489649424, 12.00, 'Paid', 'Outpatient', '2025-05-23', '2025-04-19'),
(140, 198906196, 6489649426, 95.00, 'Unpaid', 'Inpatient', '2025-05-27', NULL),
(141, 198906197, 6489649427, 30.00, 'Paid', 'Outpatient', '2025-05-29', '2025-04-19'),
(142, 198906198, 6489649428, 160.00, 'Unpaid', 'Outpatient', '2025-05-31', NULL),
(143, 198906199, 6489649429, 18.00, 'Paid', 'Inpatient', '2025-06-02', '2025-04-19'),
(144, 198906200, 6489649430, 312.00, 'Unpaid', 'Outpatient', '2025-06-04', NULL),
(145, 198906202, 6489649432, 15.00, 'Paid', 'Outpatient', '2025-06-08', '2025-04-19'),
(146, 198906203, 6489649433, 230.00, 'Unpaid', 'Inpatient', '2025-06-10', NULL),
(147, 198906204, 6489649434, 15.00, 'Paid', 'Outpatient', '2025-06-12', '2025-04-19'),
(148, 198906205, 6489649435, 320.00, 'Unpaid', 'Outpatient', '2025-06-14', NULL),
(149, 198906206, 6489649436, 10.00, 'Paid', 'Inpatient', '2025-06-16', '2025-04-19'),
(150, 198906207, 6489649437, 12.00, 'Unpaid', 'Outpatient', '2025-06-18', NULL),
(151, 198906209, 6489649439, 95.00, 'Paid', 'Outpatient', '2025-06-22', '2025-04-19'),
(152, 198906210, 6489649440, 30.00, 'Unpaid', 'Inpatient', '2025-06-24', NULL),
(153, 198906211, 6489649441, 160.00, 'Paid', 'Outpatient', '2025-06-26', '2025-04-19'),
(154, 198906212, 6489649442, 18.00, 'Unpaid', 'Outpatient', '2025-06-28', NULL),
(155, 198906213, 6489649443, 312.00, 'Paid', 'Inpatient', '2025-06-30', '2025-04-19'),
(156, 198906215, 6489649445, 15.00, 'Unpaid', 'Outpatient', '2025-07-04', NULL),
(157, 198906216, 6489649446, 230.00, 'Paid', 'Inpatient', '2025-07-06', '2025-04-19'),
(158, 198906217, 6489649447, 15.00, 'Unpaid', 'Outpatient', '2025-07-08', NULL),
(159, 198906218, 6489649448, 320.00, 'Paid', 'Outpatient', '2025-07-10', '2025-04-19'),
(160, 198906219, 6489649449, 10.00, 'Unpaid', 'Inpatient', '2025-07-12', NULL),
(161, 198906220, 6489649450, 12.00, 'Paid', 'Outpatient', '2025-07-14', '2025-04-19'),
(162, 198906222, 6489649452, 95.00, 'Unpaid', 'Inpatient', '2025-07-18', NULL),
(163, 198906223, 6489649453, 30.00, 'Paid', 'Outpatient', '2025-07-20', '2025-04-19'),
(164, 198906224, 6489649454, 160.00, 'Unpaid', 'Outpatient', '2025-07-22', NULL),
(165, 198906225, 6489649455, 18.00, 'Paid', 'Inpatient', '2025-07-24', '2025-04-19'),
(166, 198906226, 6489649456, 312.00, 'Unpaid', 'Outpatient', '2025-07-26', NULL),
(167, 198906228, 6489649458, 15.00, 'Paid', 'Outpatient', '2025-07-30', '2025-04-19'),
(168, 198906229, 6489649459, 230.00, 'Unpaid', 'Inpatient', '2025-08-01', NULL),
(169, 198906230, 6489649460, 15.00, 'Paid', 'Outpatient', '2025-08-03', '2025-04-19'),
(170, 198906231, 6489649461, 320.00, 'Unpaid', 'Outpatient', '2025-08-05', NULL),
(171, 198906232, 6489649462, 10.00, 'Paid', 'Inpatient', '2025-08-07', '2025-04-19');

-- PaymentItems (302 records, id: 1 - 302)
INSERT INTO PaymentItems (id, payment_id, type, description, quantity, amount) VALUES
(1, 1, 'Medicine', 'Ibuprofen', 2, 10.00),
(2, 1, 'Test', 'Complete Blood Count', 1, 50.00),
(3, 2, 'Medicine', 'Amoxicillin', 3, 15.00),
(4, 2, 'Test', 'Throat Swab', 1, 80.00),
(5, 3, 'Medicine', 'Paracetamol', 2, 10.00),
(6, 4, 'Medicine', 'Lisinopril', 1, 18.00),
(7, 4, 'Test', 'Blood Pressure Test', 1, 100.00),
(8, 5, 'Medicine', 'Cetirizine', 2, 12.00),
(9, 5, 'Test', 'Skin Biopsy', 1, 300.00),
(10, 6, 'Medicine', 'Amoxicillin', 3, 15.00),
(11, 7, 'Medicine', 'Gabapentin', 2, 30.00),
(12, 7, 'Test', 'Fatigue Panel', 1, 200.00),
(13, 8, 'Medicine', 'Ranitidine', 2, 15.00),
(14, 9, 'Medicine', 'Paracetamol', 2, 10.00),
(15, 9, 'Test', 'Chest X-Ray', 1, 300.00),
(16, 10, 'Equipment', 'IV Catheter', 1, 10.00),
(17, 11, 'Medicine', 'Cetirizine', 2, 12.00),
(18, 12, 'Medicine', 'Amoxicillin', 3, 15.00),
(19, 12, 'Test', 'Throat Swab', 1, 80.00),
(20, 13, 'Medicine', 'Gabapentin', 2, 30.00),
(21, 14, 'Medicine', 'Paracetamol', 2, 10.00),
(22, 14, 'Test', 'Malaria Test', 1, 150.00),
(23, 15, 'Medicine', 'Lisinopril', 1, 18.00),
(24, 16, 'Medicine', 'Cetirizine', 2, 12.00),
(25, 16, 'Test', 'Skin Biopsy', 1, 300.00),
(26, 17, 'Medicine', 'Amoxicillin', 3, 15.00),
(27, 18, 'Medicine', 'Gabapentin', 2, 30.00),
(28, 18, 'Test', 'Fatigue Panel', 1, 200.00),
(29, 19, 'Medicine', 'Ranitidine', 2, 15.00),
(30, 20, 'Medicine', 'Paracetamol', 2, 10.00),
(31, 20, 'Test', 'Chest X-Ray', 1, 300.00),
(32, 21, 'Equipment', 'IV Catheter', 1, 10.00),
(33, 22, 'Medicine', 'Cetirizine', 2, 12.00),
(34, 23, 'Medicine', 'Amoxicillin', 3, 15.00),
(35, 23, 'Test', 'Throat Swab', 1, 80.00),
(36, 24, 'Medicine', 'Gabapentin', 2, 30.00),
(37, 25, 'Medicine', 'Paracetamol', 2, 10.00),
(38, 25, 'Test', 'Malaria Test', 1, 150.00),
(39, 26, 'Medicine', 'Lisinopril', 1, 18.00),
(40, 27, 'Medicine', 'Cetirizine', 2, 12.00),
(41, 27, 'Test', 'Skin Biopsy', 1, 300.00),
(42, 28, 'Medicine', 'Amoxicillin', 3, 15.00),
(43, 29, 'Medicine', 'Gabapentin', 2, 30.00),
(44, 29, 'Test', 'Fatigue Panel', 1, 200.00),
(45, 30, 'Medicine', 'Ranitidine', 2, 15.00),
(46, 31, 'Medicine', 'Paracetamol', 2, 10.00),
(47, 31, 'Test', 'Chest X-Ray', 1, 300.00),
(48, 32, 'Equipment', 'IV Catheter', 1, 10.00),
(49, 33, 'Medicine', 'Cetirizine', 2, 12.00),
(50, 34, 'Medicine', 'Amoxicillin', 3, 15.00),
(51, 34, 'Test', 'Throat Swab', 1, 80.00),
(52, 35, 'Medicine', 'Gabapentin', 2, 30.00),
(53, 36, 'Medicine', 'Paracetamol', 2, 10.00),
(54, 36, 'Test', 'Malaria Test', 1, 150.00),
(55, 37, 'Medicine', 'Lisinopril', 1, 18.00),
(56, 38, 'Medicine', 'Cetirizine', 2, 12.00),
(57, 38, 'Test', 'Skin Biopsy', 1, 300.00),
(58, 39, 'Medicine', 'Amoxicillin', 3, 15.00),
(59, 40, 'Medicine', 'Gabapentin', 2, 30.00),
(60, 40, 'Test', 'Fatigue Panel', 1, 200.00),
(61, 41, 'Medicine', 'Ranitidine', 2, 15.00),
(62, 42, 'Medicine', 'Gabapentin', 2, 30.00),
(63, 43, 'Medicine', 'Paracetamol', 2, 10.00),
(64, 43, 'Test', 'Malaria Test', 1, 150.00),
(65, 44, 'Medicine', 'Lisinopril', 1, 18.00),
(66, 45, 'Medicine', 'Cetirizine', 2, 12.00),
(67, 45, 'Test', 'Skin Biopsy', 1, 300.00),
(68, 46, 'Medicine', 'Amoxicillin', 3, 15.00),
(69, 47, 'Medicine', 'Gabapentin', 2, 30.00),
(70, 47, 'Test', 'Fatigue Panel', 1, 200.00),
(71, 48, 'Medicine', 'Ranitidine', 2, 15.00),
(72, 49, 'Medicine', 'Paracetamol', 2, 10.00),
(73, 49, 'Test', 'Chest X-Ray', 1, 300.00),
(74, 50, 'Equipment', 'IV Catheter', 1, 10.00),
(75, 51, 'Medicine', 'Cetirizine', 2, 12.00),
(76, 52, 'Medicine', 'Amoxicillin', 3, 15.00),
(77, 52, 'Test', 'Throat Swab', 1, 80.00),
(78, 53, 'Medicine', 'Gabapentin', 2, 30.00),
(79, 54, 'Medicine', 'Paracetamol', 2, 10.00),
(80, 54, 'Test', 'Malaria Test', 1, 150.00),
(81, 55, 'Medicine', 'Lisinopril', 1, 18.00),
(82, 56, 'Medicine', 'Cetirizine', 2, 12.00),
(83, 56, 'Test', 'Skin Biopsy', 1, 300.00),
(84, 57, 'Medicine', 'Amoxicillin', 3, 15.00),
(85, 58, 'Medicine', 'Gabapentin', 2, 30.00),
(86, 58, 'Test', 'Fatigue Panel', 1, 200.00),
(87, 59, 'Medicine', 'Ranitidine', 2, 15.00),
(88, 60, 'Medicine', 'Paracetamol', 2, 10.00),
(89, 60, 'Test', 'Chest X-Ray', 1, 300.00),
(90, 61, 'Equipment', 'IV Catheter', 1, 10.00),
(91, 62, 'Medicine', 'Cetirizine', 2, 12.00),
(92, 63, 'Medicine', 'Amoxicillin', 3, 15.00),
(93, 63, 'Test', 'Throat Swab', 1, 80.00),
(94, 64, 'Medicine', 'Gabapentin', 2, 30.00),
(95, 65, 'Medicine', 'Paracetamol', 2, 10.00),
(96, 65, 'Test', 'Malaria Test', 1, 150.00),
(97, 66, 'Medicine', 'Lisinopril', 1, 18.00),
(98, 67, 'Medicine', 'Cetirizine', 2, 12.00),
(99, 67, 'Test', 'Skin Biopsy', 1, 300.00),
(100, 68, 'Medicine', 'Amoxicillin', 3, 15.00),
(101, 69, 'Medicine', 'Gabapentin', 2, 30.00),
(102, 69, 'Test', 'Fatigue Panel', 1, 200.00),
(103, 70, 'Medicine', 'Ranitidine', 2, 15.00),
(104, 71, 'Medicine', 'Paracetamol', 2, 10.00),
(105, 71, 'Test', 'Chest X-Ray', 1, 300.00),
(106, 72, 'Equipment', 'IV Catheter', 1, 10.00),
(107, 73, 'Medicine', 'Cetirizine', 2, 12.00),
(108, 74, 'Medicine', 'Amoxicillin', 3, 15.00),
(109, 74, 'Test', 'Throat Swab', 1, 80.00),
(110, 75, 'Medicine', 'Gabapentin', 2, 30.00),
(111, 76, 'Medicine', 'Paracetamol', 2, 10.00),
(112, 76, 'Test', 'Malaria Test', 1, 150.00),
(113, 77, 'Medicine', 'Lisinopril', 1, 18.00),
(114, 78, 'Medicine', 'Cetirizine', 2, 12.00),
(115, 78, 'Test', 'Skin Biopsy', 1, 300.00),
(116, 79, 'Medicine', 'Amoxicillin', 3, 15.00),
(117, 80, 'Medicine', 'Gabapentin', 2, 30.00),
(118, 80, 'Test', 'Fatigue Panel', 1, 200.00),
(119, 81, 'Medicine', 'Ranitidine', 2, 15.00),
(120, 82, 'Medicine', 'Paracetamol', 2, 10.00),
(121, 82, 'Test', 'Chest X-Ray', 1, 300.00),
(122, 83, 'Equipment', 'IV Catheter', 1, 10.00),
(123, 84, 'Medicine', 'Cetirizine', 2, 12.00),
(124, 85, 'Medicine', 'Amoxicillin', 3, 15.00),
(125, 85, 'Test', 'Throat Swab', 1, 80.00),
(126, 86, 'Medicine', 'Gabapentin', 2, 30.00),
(127, 87, 'Medicine', 'Paracetamol', 2, 10.00),
(128, 87, 'Test', 'Malaria Test', 1, 150.00),
(129, 88, 'Medicine', 'Lisinopril', 1, 18.00),
(130, 89, 'Medicine', 'Cetirizine', 2, 12.00),
(131, 89, 'Test', 'Skin Biopsy', 1, 300.00),
(132, 90, 'Medicine', 'Amoxicillin', 3, 15.00),
(133, 91, 'Medicine', 'Gabapentin', 2, 30.00),
(134, 91, 'Test', 'Fatigue Panel', 1, 200.00),
(135, 92, 'Medicine', 'Ranitidine', 2, 15.00),
(136, 93, 'Medicine', 'Paracetamol', 2, 10.00),
(137, 93, 'Test', 'Chest X-Ray', 1, 300.00),
(138, 94, 'Equipment', 'IV Catheter', 1, 10.00),
(139, 95, 'Medicine', 'Cetirizine', 2, 12.00),
(140, 96, 'Medicine', 'Amoxicillin', 3, 15.00),
(141, 96, 'Test', 'Throat Swab', 1, 80.00),
(142, 97, 'Medicine', 'Gabapentin', 2, 30.00),
(143, 98, 'Medicine', 'Paracetamol', 2, 10.00),
(144, 98, 'Test', 'Malaria Test', 1, 150.00),
(145, 99, 'Medicine', 'Lisinopril', 1, 18.00),
(146, 100, 'Medicine', 'Cetirizine', 2, 12.00),
(147, 100, 'Test', 'Skin Biopsy', 1, 300.00),
(148, 101, 'Medicine', 'Amoxicillin', 3, 15.00),
(149, 102, 'Medicine', 'Gabapentin', 2, 30.00),
(150, 102, 'Test', 'Fatigue Panel', 1, 200.00),
(151, 103, 'Medicine', 'Ranitidine', 2, 15.00),
(152, 104, 'Medicine', 'Paracetamol', 2, 10.00),
(153, 104, 'Test', 'Chest X-Ray', 1, 300.00),
(154, 105, 'Equipment', 'IV Catheter', 1, 10.00),
(155, 106, 'Medicine', 'Cetirizine', 2, 12.00),
(156, 107, 'Medicine', 'Amoxicillin', 3, 15.00),
(157, 107, 'Test', 'Throat Swab', 1, 80.00),
(158, 108, 'Medicine', 'Gabapentin', 2, 30.00),
(159, 109, 'Medicine', 'Paracetamol', 2, 10.00),
(160, 109, 'Test', 'Malaria Test', 1, 150.00),
(161, 110, 'Medicine', 'Lisinopril', 1, 18.00),
(162, 111, 'Medicine', 'Cetirizine', 2, 12.00),
(163, 111, 'Test', 'Skin Biopsy', 1, 300.00),
(164, 112, 'Medicine', 'Amoxicillin', 3, 15.00),
(165, 113, 'Medicine', 'Gabapentin', 2, 30.00),
(166, 113, 'Test', 'Fatigue Panel', 1, 200.00),
(167, 114, 'Medicine', 'Ranitidine', 2, 15.00),
(168, 115, 'Medicine', 'Paracetamol', 2, 10.00),
(169, 115, 'Test', 'Chest X-Ray', 1, 300.00),
(170, 116, 'Equipment', 'IV Catheter', 1, 10.00),
(171, 117, 'Medicine', 'Cetirizine', 2, 12.00),
(172, 118, 'Medicine', 'Amoxicillin', 3, 15.00),
(173, 118, 'Test', 'Throat Swab', 1, 80.00),
(174, 119, 'Medicine', 'Gabapentin', 2, 30.00),
(175, 120, 'Medicine', 'Paracetamol', 2, 10.00),
(176, 120, 'Test', 'Malaria Test', 1, 150.00),
(177, 121, 'Medicine', 'Lisinopril', 1, 18.00),
(178, 122, 'Medicine', 'Cetirizine', 2, 12.00),
(179, 122, 'Test', 'Skin Biopsy', 1, 300.00),
(180, 123, 'Medicine', 'Amoxicillin', 3, 15.00),
(181, 124, 'Medicine', 'Gabapentin', 2, 30.00),
(182, 124, 'Test', 'Fatigue Panel', 1, 200.00),
(183, 125, 'Medicine', 'Ranitidine', 2, 15.00),
(184, 126, 'Medicine', 'Paracetamol', 2, 10.00),
(185, 126, 'Test', 'Chest X-Ray', 1, 300.00),
(186, 127, 'Equipment', 'IV Catheter', 1, 10.00),
(187, 128, 'Medicine', 'Cetirizine', 2, 12.00),
(188, 129, 'Medicine', 'Amoxicillin', 3, 15.00),
(189, 129, 'Test', 'Throat Swab', 1, 80.00),
(190, 130, 'Medicine', 'Gabapentin', 2, 30.00),
(191, 131, 'Medicine', 'Paracetamol', 2, 10.00),
(192, 131, 'Test', 'Malaria Test', 1, 150.00),
(193, 132, 'Medicine', 'Lisinopril', 1, 18.00),
(194, 133, 'Medicine', 'Cetirizine', 2, 12.00),
(195, 133, 'Test', 'Skin Biopsy', 1, 300.00),
(196, 134, 'Medicine', 'Amoxicillin', 3, 15.00),
(197, 135, 'Medicine', 'Gabapentin', 2, 30.00),
(198, 135, 'Test', 'Fatigue Panel', 1, 200.00),
(199, 136, 'Medicine', 'Ranitidine', 2, 15.00),
(200, 137, 'Medicine', 'Paracetamol', 2, 10.00),
(201, 137, 'Test', 'Chest X-Ray', 1, 300.00),
(202, 138, 'Equipment', 'IV Catheter', 1, 10.00),
(203, 139, 'Medicine', 'Cetirizine', 2, 12.00),
(204, 140, 'Medicine', 'Amoxicillin', 3, 15.00),
(205, 140, 'Test', 'Throat Swab', 1, 80.00),
(206, 141, 'Medicine', 'Gabapentin', 2, 30.00),
(207, 142, 'Medicine', 'Paracetamol', 2, 10.00),
(208, 142, 'Test', 'Malaria Test', 1, 150.00),
(209, 143, 'Medicine', 'Lisinopril', 1, 18.00),
(210, 144, 'Medicine', 'Cetirizine', 2, 12.00),
(211, 144, 'Test', 'Skin Biopsy', 1, 300.00),
(212, 145, 'Medicine', 'Amoxicillin', 3, 15.00),
(213, 146, 'Medicine', 'Gabapentin', 2, 30.00),
(214, 146, 'Test', 'Fatigue Panel', 1, 200.00),
(215, 147, 'Medicine', 'Ranitidine', 2, 15.00),
(216, 148, 'Medicine', 'Paracetamol', 2, 10.00),
(217, 148, 'Test', 'Chest X-Ray', 1, 300.00),
(218, 149, 'Equipment', 'IV Catheter', 1, 10.00),
(219, 150, 'Medicine', 'Cetirizine', 2, 12.00),
(220, 151, 'Medicine', 'Amoxicillin', 3, 15.00),
(221, 151, 'Test', 'Throat Swab', 1, 80.00),
(222, 152, 'Medicine', 'Gabapentin', 2, 30.00),
(223, 153, 'Medicine', 'Paracetamol', 2, 10.00),
(224, 153, 'Test', 'Malaria Test', 1, 150.00),
(225, 154, 'Medicine', 'Lisinopril', 1, 18.00),
(226, 155, 'Medicine', 'Cetirizine', 2, 12.00),
(227, 155, 'Test', 'Skin Biopsy', 1, 300.00),
(228, 156, 'Medicine', 'Amoxicillin', 3, 15.00),
(229, 157, 'Medicine', 'Gabapentin', 2, 30.00),
(230, 157, 'Test', 'Fatigue Panel', 1, 200.00),
(231, 158, 'Medicine', 'Ranitidine', 2, 15.00),
(232, 159, 'Medicine', 'Paracetamol', 2, 10.00),
(233, 159, 'Test', 'Chest X-Ray', 1, 300.00),
(234, 160, 'Equipment', 'IV Catheter', 1, 10.00),
(235, 161, 'Medicine', 'Cetirizine', 2, 12.00),
(236, 162, 'Medicine', 'Amoxicillin', 3, 15.00),
(237, 162, 'Test', 'Throat Swab', 1, 80.00),
(238, 163, 'Medicine', 'Gabapentin', 2, 30.00),
(239, 164, 'Medicine', 'Paracetamol', 2, 10.00),
(240, 164, 'Test', 'Malaria Test', 1, 150.00),
(241, 165, 'Medicine', 'Lisinopril', 1, 18.00),
(242, 166, 'Medicine', 'Cetirizine', 2, 12.00),
(243, 166, 'Test', 'Skin Biopsy', 1, 300.00),
(244, 167, 'Medicine', 'Amoxicillin', 3, 15.00),
(245, 168, 'Medicine', 'Gabapentin', 2, 30.00),
(246, 168, 'Test', 'Fatigue Panel', 1, 200.00),
(247, 169, 'Medicine', 'Ranitidine', 2, 15.00),
(248, 170, 'Medicine', 'Paracetamol', 2, 10.00),
(249, 170, 'Test', 'Chest X-Ray', 1, 300.00),
(250, 171, 'Equipment', 'IV Catheter', 1, 10.00);