-- Departments
INSERT INTO Departments (id, name, description, establishment_date, closure_date) VALUES
(1, 'Cardiology', 'Inspired by Grey''s Anatomy - Heart specialists.', '2015-01-01', NULL),
(2, 'Neurology', 'Inspired by House M.D. - Brain and nerve experts.', '2016-02-15', NULL),
(3, 'Oncology', 'Inspired by The Good Doctor - Cancer treatment specialists.', '2017-03-10', NULL),
(4, 'Pediatrics', 'Inspired by ER - Child healthcare specialists.', '2018-04-20', NULL),
(5, 'Orthopedics', 'Inspired by Scrubs - Bone and joint experts.', '2019-05-30', NULL),
(6, 'Psychiatry', 'Inspired by In Treatment - Mental health specialists.', '2020-06-01', NULL),
(7, 'Radiology', 'Inspired by Chicago Med - Imaging and diagnostics.', '2021-07-15', NULL),
(8, 'General Surgery', 'Inspired by MASH - Surgical experts.', '2022-08-25', NULL),
(9, 'Emergency Medicine', 'Inspired by 911 - Urgent care specialists.', '2023-09-10', NULL),
(10, 'Dermatology', 'Inspired by Nip/Tuck - Skin care specialists.', '2024-10-05', NULL);

-- Users for Admins (id: 198906041 - 198906043)
INSERT INTO Users (id, first_name, last_name, email, phone, password, gender, birth_date, role, status) VALUES
(198906041, 'Tyrion', 'Lannister', 'tyrion.lannister@example.com', 1234567890, 'Password123', 'Male', '1975-05-15', 'Admin', 'Active'),
(198906042, 'Daenerys', 'Targaryen', 'daenerys.targaryen@example.com', 2345678901, 'Password123', 'Female', '1980-03-22', 'Admin', 'Active'),
(198906043, 'Jon', 'Snow', 'jon.snow@example.com', 3456789012, 'Password123', 'Male', '1985-07-10', 'Admin', 'Active');

-- Admins
INSERT INTO Admins (user_id) VALUES
(198906041),
(198906042),
(198906043);

-- Users for Doctors (id: 198906044 - 198906073)
INSERT INTO Users (id, first_name, last_name, email, phone, password, gender, birth_date, role, status) VALUES
(198906044, 'Meredith', 'Grey', 'meredith.grey@example.com', 4567890123, 'Password123', 'Female', '1980-01-15', 'Doctor', 'Active'),
(198906045, 'Derek', 'Shepherd', 'derek.shepherd@example.com', 5678901234, 'Password123', 'Male', '1978-06-20', 'Doctor', 'Active'),
(198906046, 'Cristina', 'Yang', 'cristina.yang@example.com', 6789012345, 'Password123', 'Female', '1982-03-10', 'Doctor', 'Active'),
(198906047, 'Alex', 'Karev', 'alex.karev@example.com', 7890123456, 'Password123', 'Male', '1981-11-05', 'Doctor', 'Active'),
(198906048, 'Miranda', 'Bailey', 'miranda.bailey@example.com', 8901234567, 'Password123', 'Female', '1975-09-25', 'Doctor', 'Active'),
(198906049, 'Richard', 'Webber', 'richard.webber@example.com', 9012345678, 'Password123', 'Male', '1970-04-12', 'Doctor', 'Active'),
(198906050, 'Callie', 'Torres', 'callie.torres@example.com', 9123456789, 'Password123', 'Female', '1983-07-30', 'Doctor', 'Active'),
(198906051, 'Mark', 'Sloan', 'mark.sloan@example.com', 1234567891, 'Password123', 'Male', '1979-02-18', 'Doctor', 'Active'),
(198906052, 'Lexie', 'Grey', 'lexie.grey@example.com', 2345678912, 'Password123', 'Female', '1985-05-22', 'Doctor', 'Active'),
(198906053, 'Arizona', 'Robbins', 'arizona.robbins@example.com', 3456789123, 'Password123', 'Female', '1984-08-14', 'Doctor', 'Active'),
(198906054, 'Gregory', 'House', 'gregory.house@example.com', 4567891234, 'Password123', 'Male', '1972-06-11', 'Doctor', 'Active'),
(198906055, 'Lisa', 'Cuddy', 'lisa.cuddy@example.com', 5678912345, 'Password123', 'Female', '1975-12-09', 'Doctor', 'Active'),
(198906056, 'James', 'Wilson', 'james.wilson@example.com', 6789123456, 'Password123', 'Male', '1978-03-27', 'Doctor', 'Active'),
(198906057, 'Allison', 'Cameron', 'allison.cameron@example.com', 7891234567, 'Password123', 'Female', '1980-09-03', 'Doctor', 'Active'),
(198906058, 'Robert', 'Chase', 'robert.chase@example.com', 8912345678, 'Password123', 'Male', '1982-01-19', 'Doctor', 'Active'),
(198906059, 'Eric', 'Foreman', 'eric.foreman@example.com', 9123456780, 'Password123', 'Male', '1979-10-07', 'Doctor', 'Active'),
(198906060, 'Remy', 'Hadley', 'remy.hadley@example.com', 1234567801, 'Password123', 'Female', '1983-04-25', 'Doctor', 'Active'),
(198906061, 'Chris', 'Taub', 'chris.taub@example.com', 2345678012, 'Password123', 'Male', '1981-08-16', 'Doctor', 'Active'),
(198906062, 'Lawrence', 'Kutner', 'lawrence.kutner@example.com', 3456780123, 'Password123', 'Male', '1980-02-28', 'Doctor', 'Active'),
(198906063, 'Amber', 'Volakis', 'amber.volakis@example.com', 4567801234, 'Password123', 'Female', '1982-11-14', 'Doctor', 'Active'),
(198906064, 'April', 'Kepner', 'april.kepner@example.com', 5678012345, 'Password123', 'Female', '1984-06-23', 'Doctor', 'Active'),
(198906065, 'Jackson', 'Avery', 'jackson.avery@example.com', 6780123456, 'Password123', 'Male', '1983-03-05', 'Doctor', 'Active'),
(198906066, 'Amelia', 'Shepherd', 'amelia.shepherd@example.com', 7891234560, 'Password123', 'Female', '1985-07-19', 'Doctor', 'Active'),
(198906067, 'Owen', 'Hunt', 'owen.hunt@example.com', 8912345601, 'Password123', 'Male', '1977-09-30', 'Doctor', 'Active'),
(198906068, 'Maggie', 'Pierce', 'maggie.pierce@example.com', 9123456012, 'Password123', 'Female', '1986-01-12', 'Doctor', 'Active'),
(198906069, 'Jo', 'Wilson', 'jo.wilson@example.com', 1234560123, 'Password123', 'Female', '1984-04-08', 'Doctor', 'Active'),
(198906070, 'Andrew', 'DeLuca', 'andrew.deluca@example.com', 2345601234, 'Password123', 'Male', '1987-06-15', 'Doctor', 'Active'),
(198906071, 'Ben', 'Warren', 'ben.warren@example.com', 3456012345, 'Password123', 'Male', '1980-12-22', 'Doctor', 'Active'),
(198906072, 'Stephanie', 'Edwards', 'stephanie.edwards@example.com', 4560123456, 'Password123', 'Female', '1986-08-03', 'Doctor', 'Active'),
(198906073, 'Levi', 'Schmitt', 'levi.schmitt@example.com', 5671234567, 'Password123', 'Male', '1988-02-17', 'Doctor', 'Active');

-- Doctors (30 doctors assigned to 10 departments)
INSERT INTO Doctors (user_id, specialty, level, hire_date, termination_date) VALUES
(198906044, 'Cardiology', 'Chief', '2015-01-10', NULL),
(198906045, 'Cardiology', 'Senior', '2016-03-15', NULL),
(198906046, 'Cardiology', 'General', '2017-05-20', NULL),
(198906047, 'Neurology', 'Lead', '2015-07-25', NULL),
(198906048, 'Neurology', 'Senior', '2016-09-30', NULL),
(198906049, 'Neurology', 'Junior', '2018-11-05', NULL),
(198906050, 'Oncology', 'Chief', '2015-02-10', NULL),
(198906051, 'Oncology', 'General', '2017-04-15', NULL),
(198906052, 'Oncology', 'Intern', '2019-06-20', NULL),
(198906053, 'Pediatrics', 'Lead', '2016-08-25', NULL),
(198906054, 'Pediatrics', 'Senior', '2017-10-30', NULL),
(198906055, 'Pediatrics', 'Assistant', '2019-12-05', NULL),
(198906056, 'Orthopedics', 'Chief', '2015-03-10', NULL),
(198906057, 'Orthopedics', 'Junior', '2018-05-15', NULL),
(198906058, 'Orthopedics', 'Intern', '2020-07-20', NULL),
(198906059, 'Psychiatry', 'Lead', '2016-09-25', NULL),
(198906060, 'Psychiatry', 'Senior', '2017-11-30', NULL),
(198906061, 'Psychiatry', 'Assistant', '2019-01-05', NULL),
(198906062, 'Radiology', 'Chief', '2015-04-10', NULL),
(198906063, 'Radiology', 'General', '2018-06-15', NULL),
(198906064, 'Radiology', 'Intern', '2020-08-20', NULL),
(198906065, 'General Surgery', 'Lead', '2016-10-25', NULL),
(198906066, 'General Surgery', 'Senior', '2017-12-30', NULL),
(198906067, 'General Surgery', 'Junior', '2019-02-05', NULL),
(198906068, 'Emergency Medicine', 'Chief', '2015-05-10', NULL),
(198906069, 'Emergency Medicine', 'General', '2018-07-15', NULL),
(198906070, 'Emergency Medicine', 'Assistant', '2020-09-20', NULL),
(198906071, 'Dermatology', 'Lead', '2016-11-25', NULL),
(198906072, 'Dermatology', 'Senior', '2018-01-30', NULL),
(198906073, 'Dermatology', 'Intern', '2020-03-05', NULL);

-- Users for Nurses (id: 198906074 - 198906123)
INSERT INTO Users (id, first_name, last_name, email, phone, password, gender, birth_date, role, status) VALUES
(198906074, 'Carol', 'Hathaway', 'carol.hathaway@example.com', 6781234567, 'Password123', 'Female', '1975-02-10', 'Nurse', 'Active'),
(198906075, 'Doug', 'Ross', 'doug.ross@example.com', 7892345678, 'Password123', 'Male', '1973-05-15', 'Nurse', 'Active'),
(198906076, 'John', 'Carter', 'john.carter@example.com', 8903456789, 'Password123', 'Male', '1978-08-20', 'Nurse', 'Active'),
(198906077, 'Susan', 'Lewis', 'susan.lewis@example.com', 9014567890, 'Password123', 'Female', '1976-11-25', 'Nurse', 'Active'),
(198906078, 'Peter', 'Benton', 'peter.benton@example.com', 1235678901, 'Password123', 'Male', '1974-03-30', 'Nurse', 'Active'),
(198906079, 'Elizabeth', 'Corday', 'elizabeth.corday@example.com', 2346789012, 'Password123', 'Female', '1979-06-05', 'Nurse', 'Active'),
(198906080, 'Mark', 'Greene', 'mark.greene@example.com', 3457890123, 'Password123', 'Male', '1972-09-10', 'Nurse', 'Active'),
(198906081, 'Kerry', 'Weaver', 'kerry.weaver@example.com', 4568901234, 'Password123', 'Female', '1977-12-15', 'Nurse', 'Active'),
(198906082, 'Abby', 'Lockhart', 'abby.lockhart@example.com', 5679012345, 'Password123', 'Female', '1980-01-20', 'Nurse', 'Active'),
(198906083, 'Luka', 'Kovac', 'luka.kovac@example.com', 6780123456, 'Password123', 'Male', '1976-04-25', 'Nurse', 'Active'),
(198906084, 'Maggie', 'Doyle', 'maggie.doyle@example.com', 7891234567, 'Password123', 'Female', '1981-07-30', 'Nurse', 'Active'),
(198906085, 'Jing-Mei', 'Chen', 'jingmei.chen@example.com', 8902345678, 'Password123', 'Female', '1978-10-05', 'Nurse', 'Active'),
(198906086, 'Greg', 'Pratt', 'greg.pratt@example.com', 9013456789, 'Password123', 'Male', '1979-02-10', 'Nurse', 'Active'),
(198906087, 'Neela', 'Rasgotra', 'neela.rasgotra@example.com', 1234567892, 'Password123', 'Female', '1982-05-15', 'Nurse', 'Active'),
(198906088, 'Sam', 'Taggart', 'sam.taggart@example.com', 2345678923, 'Password123', 'Female', '1980-08-20', 'Nurse', 'Active'),
(198906089, 'Ray', 'Barnett', 'ray.barnett@example.com', 3456789234, 'Password123', 'Male', '1977-11-25', 'Nurse', 'Active'),
(198906090, 'Archie', 'Morris', 'archie.morris@example.com', 4567892345, 'Password123', 'Male', '1981-03-30', 'Nurse', 'Active'),
(198906091, 'Tony', 'Gates', 'tony.gates@example.com', 5678923456, 'Password123', 'Male', '1979-06-05', 'Nurse', 'Active'),
(198906092, 'Simon', 'Brenner', 'simon.brenner@example.com', 6789234567, 'Password123', 'Male', '1982-09-10', 'Nurse', 'Active'),
(198906093, 'Cate', 'Banfield', 'cate.banfield@example.com', 7892345678, 'Password123', 'Female', '1976-12-15', 'Nurse', 'Active'),
(198906094, 'Maggie', 'Wheeler', 'maggie.wheeler@example.com', 8903456780, 'Password123', 'Female', '1983-01-20', 'Nurse', 'Active'),
(198906095, 'Will', 'Halstead', 'will.halstead@example.com', 9014567891, 'Password123', 'Male', '1978-04-25', 'Nurse', 'Active'),
(198906096, 'Natalie', 'Manning', 'natalie.manning@example.com', 1235678902, 'Password123', 'Female', '1981-07-30', 'Nurse', 'Active'),
(198906097, 'Ethan', 'Choi', 'ethan.choi@example.com', 2346789013, 'Password123', 'Male', '1979-10-05', 'Nurse', 'Active'),
(198906098, 'April', 'Sexton', 'april.sexton@example.com', 3457890124, 'Password123', 'Female', '1982-02-10', 'Nurse', 'Active'),
(198906099, 'Sharon', 'Goodwin', 'sharon.goodwin@example.com', 4568901235, 'Password123', 'Female', '1977-05-15', 'Nurse', 'Active'),
(198906100, 'Daniel', 'Charles', 'daniel.charles@example.com', 5679012346, 'Password123', 'Male', '1975-08-20', 'Nurse', 'Active'),
(198906101, 'Sarah', 'Reese', 'sarah.reese@example.com', 6780123457, 'Password123', 'Female', '1980-11-25', 'Nurse', 'Active'),
(198906102, 'Connor', 'Rhodes', 'connor.rhodes@example.com', 7891234568, 'Password123', 'Male', '1978-03-30', 'Nurse', 'Active'),
(198906103, 'Ava', 'Bekker', 'ava.bekker@example.com', 8902345679, 'Password123', 'Female', '1981-06-05', 'Nurse', 'Active'),
(198906104, 'Robin', 'Charles', 'robin.charles@example.com', 9013456782, 'Password123', 'Female', '1983-09-10', 'Nurse', 'Active'),
(198906105, 'Doris', 'Speed', 'doris.speed@example.com', 1234567893, 'Password123', 'Female', '1979-12-15', 'Nurse', 'Active'),
(198906106, 'Monique', 'Lawson', 'monique.lawson@example.com', 2345678934, 'Password123', 'Female', '1982-01-20', 'Nurse', 'Active'),
(198906107, 'Noah', 'Sexton', 'noah.sexton@example.com', 3456789345, 'Password123', 'Male', '1980-04-25', 'Nurse', 'Active'),
(198906108, 'Crockett', 'Marcel', 'crockett.marcel@example.com', 4567893456, 'Password123', 'Male', '1978-07-30', 'Nurse', 'Active'),
(198906109, 'Elsa', 'Curry', 'elsa.curry@example.com', 5678934567, 'Password123', 'Female', '1981-10-05', 'Nurse', 'Active'),
(198906110, 'Dean', 'Archer', 'dean.archer@example.com', 6789345678, 'Password123', 'Male', '1976-02-10', 'Nurse', 'Active'),
(198906111, 'Pamela', 'Blake', 'pamela.blake@example.com', 7893456789, 'Password123', 'Female', '1979-05-15', 'Nurse', 'Active'),
(198906112, 'Hannah', 'Asher', 'hannah.asher@example.com', 8904567890, 'Password123', 'Female', '1982-08-20', 'Nurse', 'Active'),
(198906113, 'Lillian', 'Foster', 'lillian.foster@example.com', 9015678901, 'Password123', 'Female', '1980-11-25', 'Nurse', 'Active'),
(198906114, 'Matt', 'Cooper', 'matt.cooper@example.com', 1236789012, 'Password123', 'Male', '1978-03-30', 'Nurse', 'Active'),
(198906115, 'Tina', 'Swift', 'tina.swift@example.com', 2347890123, 'Password123', 'Female', '1981-06-05', 'Nurse', 'Active'),
(198906116, 'Brian', 'Tee', 'brian.tee@example.com', 3458901234, 'Password123', 'Male', '1979-09-10', 'Nurse', 'Active'),
(198906117, 'Emily', 'Foster', 'emily.foster@example.com', 4569012345, 'Password123', 'Female', '1982-12-15', 'Nurse', 'Active'),
(198906118, 'Gwen', 'Garrett', 'gwen.garrett@example.com', 5670123456, 'Password123', 'Female', '1980-01-20', 'Nurse', 'Active'),
(198906119, 'Vera', 'Juarez', 'vera.juarez@example.com', 6781234567, 'Password123', 'Female', '1978-04-25', 'Nurse', 'Active'),
(198906120, 'Stan', 'Potter', 'stan.potter@example.com', 7892345678, 'Password123', 'Male', '1976-07-30', 'Nurse', 'Active'),
(198906121, 'Kelly', 'Severide', 'kelly.severide@example.com', 8903456789, 'Password123', 'Male', '1979-10-05', 'Nurse', 'Active'),
(198906122, 'Stella', 'Kidd', 'stella.kidd@example.com', 9014567890, 'Password123', 'Female', '1981-02-10', 'Nurse', 'Active'),
(198906123, 'Joe', 'Cruz', 'joe.cruz@example.com', 1235678901, 'Password123', 'Male', '1977-05-15', 'Nurse', 'Active');

-- Nurses
INSERT INTO Nurses (user_id, level, hire_date, termination_date) VALUES
(198906074, 'Chief', '2015-01-10', NULL),
(198906075, 'Lead', '2016-03-15', NULL),
(198906076, 'Senior', '2017-05-20', NULL),
(198906077, 'General', '2018-07-25', NULL),
(198906078, 'Junior', '2019-09-30', NULL),
(198906079, 'Assistant', '2020-11-05', NULL),
(198906080, 'Intern', '2021-02-10', NULL),
(198906081, 'Chief', '2015-04-15', NULL),
(198906082, 'Lead', '2016-06-20', NULL),
(198906083, 'Senior', '2017-08-25', NULL),
(198906084, 'General', '2018-10-30', NULL),
(198906085, 'Junior', '2019-12-05', NULL),
(198906086, 'Assistant', '2020-03-10', NULL),
(198906087, 'Intern', '2021-05-15', NULL),
(198906088, 'Chief', '2015-07-20', NULL),
(198906089, 'Lead', '2016-09-25', NULL),
(198906090, 'Senior', '2017-11-30', NULL),
(198906091, 'General', '2018-01-05', NULL),
(198906092, 'Junior', '2019-03-10', NULL),
(198906093, 'Assistant', '2020-05-15', NULL),
(198906094, 'Intern', '2021-07-20', NULL),
(198906095, 'Chief', '2015-09-25', NULL),
(198906096, 'Lead', '2016-11-30', NULL),
(198906097, 'Senior', '2018-01-05', NULL),
(198906098, 'General', '2019-03-10', NULL),
(198906099, 'Junior', '2020-05-15', NULL),
(198906100, 'Assistant', '2021-07-20', NULL),
(198906101, 'Intern', '2015-11-25', NULL),
(198906102, 'Chief', '2016-01-30', NULL),
(198906103, 'Lead', '2017-03-05', NULL),
(198906104, 'Senior', '2018-05-10', NULL),
(198906105, 'General', '2019-07-15', NULL),
(198906106, 'Junior', '2020-09-20', NULL),
(198906107, 'Assistant', '2021-11-25', NULL),
(198906108, 'Intern', '2015-02-22', NULL),
(198906109, 'Chief', '2016-04-05', NULL),
(198906110, 'Lead', '2017-06-10', NULL),
(198906111, 'Senior', '2018-08-15', NULL),
(198906112, 'General', '2019-10-20', NULL),
(198906113, 'Junior', '2020-12-25', NULL),
(198906114, 'Assistant', '2021-03-30', NULL),
(198906115, 'Intern', '2015-05-05', NULL),
(198906116, 'Chief', '2016-07-10', NULL),
(198906117, 'Lead', '2017-09-15', NULL),
(198906118, 'Senior', '2018-11-20', NULL),
(198906119, 'General', '2019-01-25', NULL),
(198906120, 'Junior', '2020-03-30', NULL),
(198906121, 'Assistant', '2021-06-05', NULL),
(198906122, 'Intern', '2015-08-10', NULL),
(198906123, 'Chief', '2016-10-15', NULL);

-- Users for Cashiers (id: 198906124 - 198906133)
INSERT INTO Users (id, first_name, last_name, email, phone, password, gender, birth_date, role, status) VALUES
(198906124, 'Michael', 'Scott', 'michael.scott@example.com', 2345678901, 'Password123', 'Male', '1975-03-15', 'Cashier', 'Active'),
(198906125, 'Pam', 'Beesly', 'pam.beesly@example.com', 3456789012, 'Password123', 'Female', '1980-06-20', 'Cashier', 'Active'),
(198906126, 'Jim', 'Halpert', 'jim.halpert@example.com', 4567890123, 'Password123', 'Male', '1978-09-25', 'Cashier', 'Active'),
(198906127, 'Dwight', 'Schrute', 'dwight.schrute@example.com', 5678901234, 'Password123', 'Male', '1976-12-30', 'Cashier', 'Active'),
(198906128, 'Angela', 'Martin', 'angela.martin@example.com', 6789012345, 'Password123', 'Female', '1981-02-05', 'Cashier', 'Active'),
(198906129, 'Kevin', 'Malone', 'kevin.malone@example.com', 7890123456, 'Password123', 'Male', '1979-05-10', 'Cashier', 'Active'),
(198906130, 'Oscar', 'Martinez', 'oscar.martinez@example.com', 8901234567, 'Password123', 'Male', '1977-08-15', 'Cashier', 'Active'),
(198906131, 'Kelly', 'Kapoor', 'kelly.kapoor@example.com', 9012345678, 'Password123', 'Female', '1982-11-20', 'Cashier', 'Active'),
(198906132, 'Ryan', 'Howard', 'ryan.howard@example.com', 1234567890, 'Password123', 'Male', '1980-01-25', 'Cashier', 'Active'),
(198906133, 'Phyllis', 'Vance', 'phyllis.vance@example.com', 2345678901, 'Password123', 'Female', '1978-04-30', 'Cashier', 'Active');

-- Cashiers
INSERT INTO Cashiers (user_id, hire_date, termination_date) VALUES
(198906124, '2015-01-10', NULL),
(198906125, '2016-03-15', NULL),
(198906126, '2017-05-20', NULL),
(198906127, '2018-07-25', NULL),
(198906128, '2019-09-30', NULL),
(198906129, '2020-11-05', NULL),
(198906130, '2021-02-10', NULL),
(198906131, '2015-04-15', NULL),
(198906132, '2016-06-20', NULL),
(198906133, '2017-08-25', NULL);

-- Users for Patients (id: 198906134 - 198906233)
INSERT INTO Users (id, first_name, last_name, email, phone, password, gender, birth_date, role, status) VALUES
(198906134, 'Harry', 'Potter', 'harry.potter@example.com', 3456789012, 'Password123', 'Male', '1980-07-31', 'Patient', 'Active'),
(198906135, 'Hermione', 'Granger', 'hermione.granger@example.com', 4567890123, 'Password123', 'Female', '1979-09-19', 'Patient', 'Active'),
(198906136, 'Ron', 'Weasley', 'ron.weasley@example.com', 5678901234, 'Password123', 'Male', '1980-03-01', 'Patient', 'Active'),
(198906137, 'Albus', 'Dumbledore', 'albus.dumbledore@example.com', 6789012345, 'Password123', 'Male', '1881-08-01', 'Patient', 'Active'),
(198906138, 'Severus', 'Snape', 'severus.snape@example.com', 7890123456, 'Password123', 'Male', '1960-01-09', 'Patient', 'Active'),
(198906139, 'Luna', 'Lovegood', 'luna.lovegood@example.com', 8901234567, 'Password123', 'Female', '1981-02-13', 'Patient', 'Active'),
(198906140, 'Draco', 'Malfoy', 'draco.malfoy@example.com', 9012345678, 'Password123', 'Male', '1980-06-05', 'Patient', 'Active'),
(198906141, 'Ginny', 'Weasley', 'ginny.weasley@example.com', 1234567890, 'Password123', 'Female', '1981-08-11', 'Patient', 'Active'),
(198906142, 'Neville', 'Longbottom', 'neville.longbottom@example.com', 2345678901, 'Password123', 'Male', '1980-07-30', 'Patient', 'Active'),
(198906143, 'Sirius', 'Black', 'sirius.black@example.com', 3456789012, 'Password123', 'Male', '1959-11-03', 'Patient', 'Active'),
(198906144, 'Remus', 'Lupin', 'remus.lupin@example.com', 4567890123, 'Password123', 'Male', '1960-03-10', 'Patient', 'Active'),
(198906145, 'Molly', 'Weasley', 'molly.weasley@example.com', 5678901234, 'Password123', 'Female', '1950-10-30', 'Patient', 'Active'),
(198906146, 'Arthur', 'Weasley', 'arthur.weasley@example.com', 6789012345, 'Password123', 'Male', '1950-02-06', 'Patient', 'Active'),
(198906147, 'Fred', 'Weasley', 'fred.weasley@example.com', 7890123456, 'Password123', 'Male', '1978-04-01', 'Patient', 'Active'),
(198906148, 'George', 'Weasley', 'george.weasley@example.com', 8901234567, 'Password123', 'Male', '1978-04-01', 'Patient', 'Active'),
(198906149, 'Bill', 'Weasley', 'bill.weasley@example.com', 9012345678, 'Password123', 'Male', '1970-11-29', 'Patient', 'Active'),
(198906150, 'Fleur', 'Delacour', 'fleur.delacour@example.com', 1234567890, 'Password123', 'Female', '1977-05-15', 'Patient', 'Active'),
(198906151, 'Hagrid', 'Rubeus', 'hagrid.rubeus@example.com', 2345678901, 'Password123', 'Male', '1928-12-06', 'Patient', 'Active'),
(198906152, 'Minerva', 'McGonagall', 'minerva.mcgonagall@example.com', 3456789012, 'Password123', 'Female', '1935-10-04', 'Patient', 'Active'),
(198906153, 'Dolores', 'Umbridge', 'dolores.umbridge@example.com', 4567890123, 'Password123', 'Female', '1965-08-26', 'Patient', 'Active'),
(198906154, 'Bellatrix', 'Lestrange', 'bellatrix.lestrange@example.com', 5678901234, 'Password123', 'Female', '1951-06-12', 'Patient', 'Active'),
(198906155, 'Lucius', 'Malfoy', 'lucius.malfoy@example.com', 6789012345, 'Password123', 'Male', '1954-03-09', 'Patient', 'Active'),
(198906156, 'Narcissa', 'Malfoy', 'narcissa.malfoy@example.com', 7890123456, 'Password123', 'Female', '1955-07-18', 'Patient', 'Active'),
(198906157, 'Cho', 'Chang', 'cho.chang@example.com', 8901234567, 'Password123', 'Female', '1979-04-22', 'Patient', 'Active'),
(198906158, 'Cedric', 'Diggory', 'cedric.diggory@example.com', 9012345678, 'Password123', 'Male', '1977-09-15', 'Patient', 'Active'),
(198906159, 'Viktor', 'Krum', 'viktor.krum@example.com', 1234567890, 'Password123', 'Male', '1976-12-20', 'Patient', 'Active'),
(198906160, 'Lavender', 'Brown', 'lavender.brown@example.com', 2345678901, 'Password123', 'Female', '1980-01-25', 'Patient', 'Active'),
(198906161, 'Dean', 'Thomas', 'dean.thomas@example.com', 3456789012, 'Password123', 'Male', '1980-05-30', 'Patient', 'Active'),
(198906162, 'Seamus', 'Finnigan', 'seamus.finnigan@example.com', 4567890123, 'Password123', 'Male', '1980-03-15', 'Patient', 'Active'),
(198906163, 'Parvati', 'Patil', 'parvati.patil@example.com', 5678901234, 'Password123', 'Female', '1980-07-20', 'Patient', 'Active'),
(198906164, 'Padma', 'Patil', 'padma.patil@example.com', 6789012345, 'Password123', 'Female', '1980-07-20', 'Patient', 'Active'),
(198906165, 'Oliver', 'Wood', 'oliver.wood@example.com', 7890123456, 'Password123', 'Male', '1976-02-05', 'Patient', 'Active'),
(198906166, 'Katie', 'Bell', 'katie.bell@example.com', 8901234567, 'Password123', 'Female', '1978-09-10', 'Patient', 'Active'),
(198906167, 'Angelina', 'Johnson', 'angelina.johnson@example.com', 9012345678, 'Password123', 'Female', '1977-10-25', 'Patient', 'Active'),
(198906168, 'Lee', 'Jordan', 'lee.jordan@example.com', 1234567890, 'Password123', 'Male', '1978-12-30', 'Patient', 'Active'),
(198906169, 'Alicia', 'Spinnet', 'alicia.spinnet@example.com', 2345678901, 'Password123', 'Female', '1979-04-15', 'Patient', 'Active'),
(198906170, 'Colin', 'Creevey', 'colin.creevey@example.com', 3456789012, 'Password123', 'Male', '1981-05-20', 'Patient', 'Active'),
(198906171, 'Dennis', 'Creevey', 'dennis.creevey@example.com', 4567890123, 'Password123', 'Male', '1983-08-25', 'Patient', 'Active'),
(198906172, 'Zacharias', 'Smith', 'zacharias.smith@example.com', 5678901234, 'Password123', 'Male', '1980-11-30', 'Patient', 'Active'),
(198906173, 'Hannah', 'Abbott', 'hannah.abbott@example.com', 6789012345, 'Password123', 'Female', '1980-02-05', 'Patient', 'Active'),
(198906174, 'Ernie', 'Macmillan', 'ernie.macmillan@example.com', 7890123456, 'Password123', 'Male', '1980-06-10', 'Patient', 'Active'),
(198906175, 'Justin', 'Finch-Fletchley', 'justin.finchfletchley@example.com', 8901234567, 'Password123', 'Male', '1980-09-15', 'Patient', 'Active'),
(198906176, 'Susan', 'Bones', 'susan.bones@example.com', 9012345678, 'Password123', 'Female', '1980-03-20', 'Patient', 'Active'),
(198906177, 'Terry', 'Boot', 'terry.boot@example.com', 1234567890, 'Password123', 'Male', '1980-07-25', 'Patient', 'Active'),
(198906178, 'Anthony', 'Goldstein', 'anthony.goldstein@example.com', 2345678901, 'Password123', 'Male', '1980-10-30', 'Patient', 'Active'),
(198906179, 'Michael', 'Corner', 'michael.corner@example.com', 3456789012, 'Password123', 'Male', '1980-01-05', 'Patient', 'Active'),
(198906180, 'Frodo', 'Baggins', 'frodo.baggins@example.com', 4567890123, 'Password123', 'Male', '1968-09-22', 'Patient', 'Active'),
(198906181, 'Samwise', 'Gamgee', 'samwise.gamgee@example.com', 5678901234, 'Password123', 'Male', '1970-04-06', 'Patient', 'Active'),
(198906182, 'Merry', 'Brandybuck', 'merry.brandybuck@example.com', 6789012345, 'Password123', 'Male', '1972-03-14', 'Patient', 'Active'),
(198906183, 'Pippin', 'Took', 'pippin.took@example.com', 7890123456, 'Password123', 'Male', '1973-05-29', 'Patient', 'Active'),
(198906184, 'Gandalf', 'TheGrey', 'gandalf.thegrey@example.com', 8901234567, 'Password123', 'Male', '1900-01-01', 'Patient', 'Active'),
(198906185, 'Aragorn', 'Elessar', 'aragorn.elessar@example.com', 9012345678, 'Password123', 'Male', '1931-03-01', 'Patient', 'Active'),
(198906186, 'Legolas', 'Greenleaf', 'legolas.greenleaf@example.com', 1234567890, 'Password123', 'Male', '1900-07-15', 'Patient', 'Active'),
(198906187, 'Gimli', 'SonOfGloin', 'gimli.sonofgloin@example.com', 2345678901, 'Password123', 'Male', '1900-11-20', 'Patient', 'Active'),
(198906188, 'Bilbo', 'Baggins', 'bilbo.baggins@example.com', 3456789012, 'Password123', 'Male', '1890-09-22', 'Patient', 'Active'),
(198906189, 'Galadriel', 'LadyOfLight', 'galadriel.ladyoflight@example.com', 4567890123, 'Password123', 'Female', '1900-02-05', 'Patient', 'Active'),
(198906190, 'Elrond', 'Halfelven', 'elrond.halfelven@example.com', 5678901234, 'Password123', 'Male', '1900-06-10', 'Patient', 'Active'),
(198906191, 'Arwen', 'Evenstar', 'arwen.evenstar@example.com', 6789012345, 'Password123', 'Female', '1901-09-15', 'Patient', 'Active'),
(198906192, 'Eowyn', 'Shieldmaiden', 'eowyn.shieldmaiden@example.com', 7890123456, 'Password123', 'Female', '1975-03-20', 'Patient', 'Active'),
(198906193, 'Faramir', 'SonOfDenethor', 'faramir.sonofdenethor@example.com', 8901234567, 'Password123', 'Male', '1978-07-25', 'Patient', 'Active'),
(198906194, 'Boromir', 'SonOfDenethor', 'boromir.sonofdenethor@example.com', 9012345678, 'Password123', 'Male', '1976-10-30', 'Patient', 'Active'),
(198906195, 'Thorin', 'Oakenshield', 'thorin.oakenshield@example.com', 1234567890, 'Password123', 'Male', '1900-01-05', 'Patient', 'Active'),
(198906196, 'Dwalin', 'Warrior', 'dwalin.warrior@example.com', 2345678901, 'Password123', 'Male', '1900-04-10', 'Patient', 'Active'),
(198906197, 'Balin', 'Wise', 'balin.wise@example.com', 3456789012, 'Password123', 'Male', '1900-08-15', 'Patient', 'Active'),
(198906198, 'Kili', 'Archer', 'kili.archer@example.com', 4567890123, 'Password123', 'Male', '1900-12-20', 'Patient', 'Active'),
(198906199, 'Fili', 'Fighter', 'fili.fighter@example.com', 5678901234, 'Password123', 'Male', '1901-03-25', 'Patient', 'Active'),
(198906200, 'Dori', 'Strong', 'dori.strong@example.com', 6789012345, 'Password123', 'Male', '1900-06-30', 'Patient', 'Active'),
(198906201, 'Nori', 'Thief', 'nori.thief@example.com', 7890123456, 'Password123', 'Male', '1900-09-05', 'Patient', 'Active'),
(198906202, 'Ori', 'Scribe', 'ori.scribe@example.com', 8901234567, 'Password123', 'Male', '1901-02-10', 'Patient', 'Active'),
(198906203, 'Bifur', 'Warrior', 'bifur.warrior@example.com', 9012345678, 'Password123', 'Male', '1900-05-15', 'Patient', 'Active'),
(198906204, 'Bofur', 'Miner', 'bofur.miner@example.com', 1234567890, 'Password123', 'Male', '1900-08-20', 'Patient', 'Active'),
(198906205, 'Bombur', 'Cook', 'bombur.cook@example.com', 2345678901, 'Password123', 'Male', '1900-11-25', 'Patient', 'Active'),
(198906206, 'Oin', 'Healer', 'oin.healer@example.com', 3456789012, 'Password123', 'Male', '1901-03-30', 'Patient', 'Active'),
(198906207, 'Gloin', 'FatherOfGimli', 'gloin.fatherofgimli@example.com', 4567890123, 'Password123', 'Male', '1900-06-05', 'Patient', 'Active'),
(198906208, 'Thranduil', 'Elvenking', 'thranduil.elvenking@example.com', 5678901234, 'Password123', 'Male', '1900-09-10', 'Patient', 'Active'),
(198906209, 'Bard', 'TheBowman', 'bard.thebowman@example.com', 6789012345, 'Password123', 'Male', '1975-12-15', 'Patient', 'Active'),
(198906210, 'Smaug', 'Dragon', 'smaug.dragon@example.com', 7890123456, 'Password123', 'Male', '1900-01-20', 'Patient', 'Active'),
(198906211, 'Tauriel', 'Elf', 'tauriel.elf@example.com', 8901234567, 'Password123', 'Female', '1901-04-25', 'Patient', 'Active'),
(198906212, 'Beorn', 'Skinchanger', 'beorn.skinchanger@example.com', 9012345678, 'Password123', 'Male', '1900-07-30', 'Patient', 'Active'),
(198906213, 'Radagast', 'TheBrown', 'radagast.thebrown@example.com', 1234567890, 'Password123', 'Male', '1900-10-05', 'Patient', 'Active'),
(198906214, 'Saruman', 'TheWhite', 'saruman.thewhite@example.com', 2345678901, 'Password123', 'Male', '1900-02-10', 'Patient', 'Active'),
(198906215, 'Sauron', 'DarkLord', 'sauron.darklord@example.com', 3456789012, 'Password123', 'Male', '1900-05-15', 'Patient', 'Active'),
(198906216, 'Gollum', 'Smeagol', 'gollum.smeagol@example.com', 4567890123, 'Password123', 'Male', '1900-08-20', 'Patient', 'Active'),
(198906217, 'Eomer', 'Rohirrim', 'eomer.rohirrim@example.com', 5678901234, 'Password123', 'Male', '1978-11-25', 'Patient', 'Active'),
(198906218, 'Theoden', 'KingOfRohan', 'theoden.kingofrohan@example.com', 6789012345, 'Password123', 'Male', '1948-03-30', 'Patient', 'Active'),
(198906219, 'Grima', 'Wormtongue', 'grima.wormtongue@example.com', 7890123456, 'Password123', 'Male', '1965-06-05', 'Patient', 'Active'),
(198906220, 'Denethor', 'Steward', 'denethor.steward@example.com', 8901234567, 'Password123', 'Male', '1930-09-10', 'Patient', 'Active'),
(198906221, 'Beregond', 'Guard', 'beregond.guard@example.com', 9012345678, 'Password123', 'Male', '1975-12-15', 'Patient', 'Active'),
(198906222, 'Imrahil', 'Prince', 'imrahil.prince@example.com', 1234567890, 'Password123', 'Male', '1955-01-20', 'Patient', 'Active'),
(198906223, 'Eothain', 'Rider', 'eothain.rider@example.com', 2345678901, 'Password123', 'Male', '1980-04-25', 'Patient', 'Active'),
(198906224, 'Hama', 'Guard', 'hama.guard@example.com', 3456789012, 'Password123', 'Male', '1978-07-30', 'Patient', 'Active'),
(198906225, 'Gamling', 'Soldier', 'gamling.soldier@example.com', 4567890123, 'Password123', 'Male', '1950-10-05', 'Patient', 'Active'),
(198906226, 'Haleth', 'SonOfHama', 'haleth.sonofhama@example.com', 5678901234, 'Password123', 'Male', '1990-02-10', 'Patient', 'Active'),
(198906227, 'Fredegar', 'Bolger', 'fredegar.bolger@example.com', 6789012345, 'Password123', 'Male', '1978-05-15', 'Patient', 'Active'),
(198906228, 'Rosie', 'Cotton', 'rosie.cotton@example.com', 7890123456, 'Password123', 'Female', '1980-08-20', 'Patient', 'Active'),
(198906229, 'Lobelia', 'Sackville-Baggins', 'lobelia.sackvillebaggins@example.com', 8901234567, 'Password123', 'Female', '1910-11-25', 'Patient', 'Active'),
(198906230, 'Lotho', 'Sackville-Baggins', 'lotho.sackvillebaggins@example.com', 9012345678, 'Password123', 'Male', '1912-03-30', 'Patient', 'Active'),
(198906231, 'Hamfast', 'Gamgee', 'hamfast.gamgee@example.com', 1234567890, 'Password123', 'Male', '1920-06-05', 'Patient', 'Active'),
(198906232, 'Daisy', 'Gamgee', 'daisy.gamgee@example.com', 2345678901, 'Password123', 'Female', '1975-09-10', 'Patient', 'Active'),
(198906233, 'Elanor', 'Gamgee', 'elanor.gamgee@example.com', 3456789012, 'Password123', 'Female', '1995-12-15', 'Patient', 'Active');

-- Patients
INSERT INTO Patients (user_id) VALUES
(198906134), (198906135), (198906136), (198906137), (198906138), (198906139), (198906140), (198906141), (198906142), (198906143),
(198906144), (198906145), (198906146), (198906147), (198906148), (198906149), (198906150), (198906151), (198906152), (198906153),
(198906154), (198906155), (198906156), (198906157), (198906158), (198906159), (198906160), (198906161), (198906162), (198906163),
(198906164), (198906165), (198906166), (198906167), (198906168), (198906169), (198906170), (198906171), (198906172), (198906173),
(198906174), (198906175), (198906176), (198906177), (198906178), (198906179), (198906180), (198906181), (198906182), (198906183),
(198906184), (198906185), (198906186), (198906187), (198906188), (198906189), (198906190), (198906191), (198906192), (198906193),
(198906194), (198906195), (198906196), (198906197), (198906198), (198906199), (198906200), (198906201), (198906202), (198906203),
(198906204), (198906205), (198906206), (198906207), (198906208), (198906209), (198906210), (198906211), (198906212), (198906213),
(198906214), (198906215), (198906216), (198906217), (198906218), (198906219), (198906220), (198906221), (198906222), (198906223),
(198906224), (198906225), (198906226), (198906227), (198906228), (198906229), (198906230), (198906231), (198906232), (198906233);